<manifest><control namespace="PCFControls" constructor="DataFromMap" version="0.0.564" display-name-key="DataFromMap" description-key="DataFromMap description" control-type="standard" api-version="1.2.3"><property name="jsonMapData" display-name-key="Property_Display_Key" description-key="Property_Desc_Key" of-type-group="strings" usage="bound" required="false" /><property name="numberOfPoints" display-name-key="NumberOfPoints" description-key="Property_Desc_Key" of-type-group="numbers" usage="bound" required="false" /><property name="boundingLatNW" display-name-key="BoundingLatNW" description-key="Property_Desc_Key" of-type-group="numbers" usage="bound" required="false" /><property name="boundingLongNW" display-name-key="BoundingLongNW" description-key="Property_Desc_Key" of-type-group="numbers" usage="bound" required="false" /><property name="boundingLatSE" display-name-key="BoundingLatSE" description-key="Property_Desc_Key" of-type-group="numbers" usage="bound" required="false" /><property name="boundingLongSE" display-name-key="BoundingLongSE" description-key="Property_Desc_Key" of-type-group="numbers" usage="bound" required="false" /><property name="centerLat" display-name-key="CenterLat" description-key="Property_Desc_Key" of-type-group="numbers" usage="bound" required="false" /><property name="centerLong" display-name-key="CenterLong" description-key="Property_Desc_Key" of-type-group="numbers" usage="bound" required="false" /><type-group name="strings"><type>Multiple</type><type>SingleLine.Text</type></type-group><type-group name="numbers"><type>Whole.None</type><type>Decimal</type><type>FP</type></type-group><resources><code path="bundle.js" order="1" /><css path="css/DataFromMap.css" order="1" /></resources><feature-usage><uses-feature name="Utility" required="true" /><uses-feature name="WebAPI" required="true" /></feature-usage><built-by name="pac" version="1.5.3" /></control></manifest>