<environmentvariabledefinition schemaname="mstelco_ScheduleMaintenanceActivities_MaxOccurernceInAdvance">
  <displayname default="ScheduleMaintenanceActivities_MaxOccurernceInAdvance">
    <label description="ScheduleMaintenanceActivities_MaxOccurernceInAdvance" languagecode="1033" />
  </displayname>
  <introducedversion>1.0.0.4</introducedversion>
  <iscustomizable>1</iscustomizable>
  <isrequired>0</isrequired>
  <secretstore>0</secretstore>
  <type>100000001</type>
</environmentvariabledefinition>