﻿<?xml version="1.0" encoding="utf-8"?>
<ImportExportXml version="9.2.21122.157" SolutionPackageVersion="9.2" languagecode="1033" generatedBy="CrmLive" xmlns:xsi="http://www.w3.org/2001/XMLSchema-instance">
  <SolutionManifest>
    <UniqueName>TelcoSalesCDM</UniqueName>
    <LocalizedNames>
      <LocalizedName description="Telco Sales CDM" languagecode="1033" />
    </LocalizedNames>
    <Descriptions />
    <Version>2.0.3.16</Version>
    <Managed>1</Managed>
    <Publisher>
      <UniqueName>microsoftdynamics365telco</UniqueName>
      <LocalizedNames>
        <LocalizedName description="Microsoft Dynamics 365 Telco" languagecode="1033" />
      </LocalizedNames>
      <Descriptions />
      <EMailAddress xsi:nil="true"></EMailAddress>
      <SupportingWebsiteUrl xsi:nil="true"></SupportingWebsiteUrl>
      <CustomizationPrefix>mstelco</CustomizationPrefix>
      <CustomizationOptionValuePrefix>71983</CustomizationOptionValuePrefix>
      <Addresses>
        <Address>
          <AddressNumber>1</AddressNumber>
          <AddressTypeCode>1</AddressTypeCode>
          <City xsi:nil="true"></City>
          <County xsi:nil="true"></County>
          <Country xsi:nil="true"></Country>
          <Fax xsi:nil="true"></Fax>
          <FreightTermsCode xsi:nil="true"></FreightTermsCode>
          <ImportSequenceNumber xsi:nil="true"></ImportSequenceNumber>
          <Latitude xsi:nil="true"></Latitude>
          <Line1 xsi:nil="true"></Line1>
          <Line2 xsi:nil="true"></Line2>
          <Line3 xsi:nil="true"></Line3>
          <Longitude xsi:nil="true"></Longitude>
          <Name xsi:nil="true"></Name>
          <PostalCode xsi:nil="true"></PostalCode>
          <PostOfficeBox xsi:nil="true"></PostOfficeBox>
          <PrimaryContactName xsi:nil="true"></PrimaryContactName>
          <ShippingMethodCode>1</ShippingMethodCode>
          <StateOrProvince xsi:nil="true"></StateOrProvince>
          <Telephone1 xsi:nil="true"></Telephone1>
          <Telephone2 xsi:nil="true"></Telephone2>
          <Telephone3 xsi:nil="true"></Telephone3>
          <TimeZoneRuleVersionNumber xsi:nil="true"></TimeZoneRuleVersionNumber>
          <UPSZone xsi:nil="true"></UPSZone>
          <UTCOffset xsi:nil="true"></UTCOffset>
          <UTCConversionTimeZoneCode xsi:nil="true"></UTCConversionTimeZoneCode>
        </Address>
        <Address>
          <AddressNumber>2</AddressNumber>
          <AddressTypeCode>1</AddressTypeCode>
          <City xsi:nil="true"></City>
          <County xsi:nil="true"></County>
          <Country xsi:nil="true"></Country>
          <Fax xsi:nil="true"></Fax>
          <FreightTermsCode xsi:nil="true"></FreightTermsCode>
          <ImportSequenceNumber xsi:nil="true"></ImportSequenceNumber>
          <Latitude xsi:nil="true"></Latitude>
          <Line1 xsi:nil="true"></Line1>
          <Line2 xsi:nil="true"></Line2>
          <Line3 xsi:nil="true"></Line3>
          <Longitude xsi:nil="true"></Longitude>
          <Name xsi:nil="true"></Name>
          <PostalCode xsi:nil="true"></PostalCode>
          <PostOfficeBox xsi:nil="true"></PostOfficeBox>
          <PrimaryContactName xsi:nil="true"></PrimaryContactName>
          <ShippingMethodCode>1</ShippingMethodCode>
          <StateOrProvince xsi:nil="true"></StateOrProvince>
          <Telephone1 xsi:nil="true"></Telephone1>
          <Telephone2 xsi:nil="true"></Telephone2>
          <Telephone3 xsi:nil="true"></Telephone3>
          <TimeZoneRuleVersionNumber xsi:nil="true"></TimeZoneRuleVersionNumber>
          <UPSZone xsi:nil="true"></UPSZone>
          <UTCOffset xsi:nil="true"></UTCOffset>
          <UTCConversionTimeZoneCode xsi:nil="true"></UTCConversionTimeZoneCode>
        </Address>
      </Addresses>
    </Publisher>
    <RootComponents>
      <RootComponent type="1" schemaName="lead" behavior="2" />
      <RootComponent type="1" schemaName="mstelco_place" behavior="0" />
      <RootComponent type="1" schemaName="mstelco_serviceareatechnology" behavior="1" />
      <RootComponent type="1" schemaName="opportunity" behavior="1" />
      <RootComponent type="1" schemaName="quote" behavior="1" />
      <RootComponent type="1" schemaName="salesorder" behavior="1" />
      <RootComponent type="9" schemaName="mstelco_customerserviceabilitystatus" behavior="0" />
      <RootComponent type="9" schemaName="mstelco_telcocustomertype" behavior="0" />
    </RootComponents>
    <MissingDependencies>
      <MissingDependency>
        <Required type="1" schemaName="competitor" displayName="Competitor" solution="msdynce_Sales (9.0.4.0076)">
          <package>msdynce_SalesAnchor (9.0.21122.10002)</package>
        </Required>
        <Dependent type="60" displayName="Opportunity" parentDisplayName="Opportunity" id="{a837e4a7-01b8-4f82-a475-be9abd67e667}" />
      </MissingDependency>
      <MissingDependency>
        <Required type="1" schemaName="lead" displayName="Lead" solution="msdynce_LeadManagement (9.0.4.0066)">
          <package>msdynce_LeadManagementAnchor (9.0.21122.10002)</package>
        </Required>
        <Dependent type="1" schemaName="lead" displayName="Lead" />
      </MissingDependency>
      <MissingDependency>
        <Required type="1" schemaName="mstelco_externalsystem" displayName="External System" solution="TelcoCommonCDM (2.0.3.11)" />
        <Dependent type="10" schemaName="mstelco_externalsystem_mstelco_place_ExternalSystemId" displayName="mstelco_externalsystem_mstelco_place_ExternalSystemId" parentSchemaName="mstelco_externalsystem" parentDisplayName="External System" />
      </MissingDependency>
      <MissingDependency>
        <Required type="1" schemaName="mstelco_geographicplace" displayName="Geographic Place" solution="TelcoCommonCDM (2.0.3.11)" />
        <Dependent type="10" schemaName="mstelco_mstelco_geographicplace_mstelco_place_GeographicPlaceId" displayName="mstelco_mstelco_geographicplace_mstelco_place_GeographicPlaceId" parentSchemaName="mstelco_geographicplace" parentDisplayName="Geographic Place" />
      </MissingDependency>
      <MissingDependency>
        <Required type="1" schemaName="mstelco_localplace" displayName="Local Place" solution="TelcoCommonCDM (2.0.3.11)" />
        <Dependent type="10" schemaName="mstelco_localplace_mstelco_place_LocalPlaceId" displayName="mstelco_localplace_mstelco_place_LocalPlaceId" parentSchemaName="mstelco_localplace" parentDisplayName="Local Place" />
      </MissingDependency>
      <MissingDependency>
        <Required type="1" schemaName="mstelco_place" displayName="Place" solution="TelcoCommonCDM (2.0.3.11)" />
        <Dependent type="1" schemaName="mstelco_place" displayName="Place" />
      </MissingDependency>
      <MissingDependency>
        <Required type="1" schemaName="mstelco_place" displayName="Place" solution="TelcoCommonCDM (2.0.3.11)" />
        <Dependent type="10" schemaName="mstelco_place_mstelco_place_ParentLocalPlaceId" displayName="mstelco_place_mstelco_place_ParentLocalPlaceId" parentSchemaName="mstelco_place" parentDisplayName="Place" />
      </MissingDependency>
      <MissingDependency>
        <Required type="1" schemaName="mstelco_serviceareatechnology" displayName="Service Area Technology" solution="TelcoCommonCDM (2.0.3.11)" />
        <Dependent type="1" schemaName="mstelco_serviceareatechnology" displayName="Service Area Technology" />
      </MissingDependency>
      <MissingDependency>
        <Required type="1" schemaName="opportunity" displayName="Opportunity" solution="msdynce_Sales (9.0.4.0076)">
          <package>msdynce_SalesAnchor (9.0.21122.10002)</package>
        </Required>
        <Dependent type="1" schemaName="opportunity" displayName="Opportunity" />
      </MissingDependency>
      <MissingDependency>
        <Required type="1" schemaName="opportunityproduct" displayName="Opportunity Product" solution="msdynce_Sales (9.0.4.0076)">
          <package>msdynce_SalesAnchor (9.0.21122.10002)</package>
        </Required>
        <Dependent type="60" displayName="Opportunity" parentDisplayName="Opportunity" id="{a837e4a7-01b8-4f82-a475-be9abd67e667}" />
      </MissingDependency>
      <MissingDependency>
        <Required type="1" schemaName="quote" displayName="Quote" solution="msdynce_Sales (9.0.4.0076)">
          <package>msdynce_SalesAnchor (9.0.21122.10002)</package>
        </Required>
        <Dependent type="1" schemaName="quote" displayName="Quote" />
      </MissingDependency>
      <MissingDependency>
        <Required type="1" schemaName="quotedetail" displayName="Quote Product" solution="msdynce_Sales (9.0.4.0076)">
          <package>msdynce_SalesAnchor (9.0.21122.10002)</package>
        </Required>
        <Dependent type="60" displayName="Quote" parentDisplayName="Quote" id="{54076a2d-d043-4a1b-b061-4d06846371a9}" />
      </MissingDependency>
      <MissingDependency>
        <Required type="1" schemaName="salesorder" displayName="Order" solution="msdynce_Sales (9.0.4.0076)">
          <package>msdynce_SalesAnchor (9.0.21122.10002)</package>
        </Required>
        <Dependent type="1" schemaName="salesorder" displayName="Order" />
      </MissingDependency>
      <MissingDependency>
        <Required type="1" schemaName="salesorderdetail" displayName="Order Product" solution="msdynce_Sales (9.0.4.0076)">
          <package>msdynce_SalesAnchor (9.0.21122.10002)</package>
        </Required>
        <Dependent type="60" displayName="Order" parentDisplayName="Order" id="{d598792c-3ff0-43f3-b3e3-bbd70b99e1a5}" />
      </MissingDependency>
      <MissingDependency>
        <Required type="2" schemaName="mstelco_externalsystemid" displayName="External System" parentSchemaName="mstelco_externalsystem" parentDisplayName="External System" solution="TelcoCommonCDM (2.0.3.11)" />
        <Dependent type="10" schemaName="mstelco_externalsystem_mstelco_place_ExternalSystemId" displayName="mstelco_externalsystem_mstelco_place_ExternalSystemId" parentSchemaName="mstelco_externalsystem" parentDisplayName="External System" />
      </MissingDependency>
      <MissingDependency>
        <Required type="2" schemaName="mstelco_name" displayName="Name" parentSchemaName="mstelco_externalsystem" parentDisplayName="External System" solution="TelcoCommonCDM (2.0.3.11)" />
        <Dependent type="10" schemaName="mstelco_externalsystem_mstelco_place_ExternalSystemId" displayName="mstelco_externalsystem_mstelco_place_ExternalSystemId" parentSchemaName="mstelco_externalsystem" parentDisplayName="External System" />
      </MissingDependency>
      <MissingDependency>
        <Required type="2" schemaName="mstelco_geographicplaceid" displayName="Geographic Place" parentSchemaName="mstelco_geographicplace" parentDisplayName="Geographic Place" solution="TelcoCommonCDM (2.0.3.11)" />
        <Dependent type="10" schemaName="mstelco_mstelco_geographicplace_mstelco_place_GeographicPlaceId" displayName="mstelco_mstelco_geographicplace_mstelco_place_GeographicPlaceId" parentSchemaName="mstelco_geographicplace" parentDisplayName="Geographic Place" />
      </MissingDependency>
      <MissingDependency>
        <Required type="2" schemaName="mstelco_name" displayName="Name" parentSchemaName="mstelco_geographicplace" parentDisplayName="Geographic Place" solution="TelcoCommonCDM (2.0.3.11)" />
        <Dependent type="10" schemaName="mstelco_mstelco_geographicplace_mstelco_place_GeographicPlaceId" displayName="mstelco_mstelco_geographicplace_mstelco_place_GeographicPlaceId" parentSchemaName="mstelco_geographicplace" parentDisplayName="Geographic Place" />
      </MissingDependency>
      <MissingDependency>
        <Required type="2" schemaName="mstelco_localplaceid" displayName="Local Place" parentSchemaName="mstelco_localplace" parentDisplayName="Local Place" solution="TelcoCommonCDM (2.0.3.11)" />
        <Dependent type="10" schemaName="mstelco_localplace_mstelco_place_LocalPlaceId" displayName="mstelco_localplace_mstelco_place_LocalPlaceId" parentSchemaName="mstelco_localplace" parentDisplayName="Local Place" />
      </MissingDependency>
      <MissingDependency>
        <Required type="2" schemaName="mstelco_name" displayName="Name" parentSchemaName="mstelco_localplace" parentDisplayName="Local Place" solution="TelcoCommonCDM (2.0.3.11)" />
        <Dependent type="10" schemaName="mstelco_localplace_mstelco_place_LocalPlaceId" displayName="mstelco_localplace_mstelco_place_LocalPlaceId" parentSchemaName="mstelco_localplace" parentDisplayName="Local Place" />
      </MissingDependency>
      <MissingDependency>
        <Required type="2" schemaName="budgetamount" displayName="Budget Amount" parentSchemaName="opportunity" parentDisplayName="Opportunity" solution="msdynce_Sales (9.0.4.0076)">
          <package>msdynce_SalesAnchor (9.0.21122.10002)</package>
        </Required>
        <Dependent type="60" displayName="Opportunity" parentDisplayName="Opportunity" id="{a837e4a7-01b8-4f82-a475-be9abd67e667}" />
      </MissingDependency>
      <MissingDependency>
        <Required type="2" schemaName="currentsituation" displayName="Current Situation" parentSchemaName="opportunity" parentDisplayName="Opportunity" solution="msdynce_Sales (9.0.4.0076)">
          <package>msdynce_SalesAnchor (9.0.21122.10002)</package>
        </Required>
        <Dependent type="60" displayName="Opportunity" parentDisplayName="Opportunity" id="{a837e4a7-01b8-4f82-a475-be9abd67e667}" />
      </MissingDependency>
      <MissingDependency>
        <Required type="2" schemaName="customerneed" displayName="Customer Need" parentSchemaName="opportunity" parentDisplayName="Opportunity" solution="msdynce_Sales (9.0.4.0076)">
          <package>msdynce_SalesAnchor (9.0.21122.10002)</package>
        </Required>
        <Dependent type="60" displayName="Opportunity" parentDisplayName="Opportunity" id="{a837e4a7-01b8-4f82-a475-be9abd67e667}" />
      </MissingDependency>
      <MissingDependency>
        <Required type="2" schemaName="description" displayName="Description" parentSchemaName="opportunity" parentDisplayName="Opportunity" solution="msdynce_Sales (9.0.4.0076)">
          <package>msdynce_SalesAnchor (9.0.21122.10002)</package>
        </Required>
        <Dependent type="60" displayName="Opportunity" parentDisplayName="Opportunity" id="{a837e4a7-01b8-4f82-a475-be9abd67e667}" />
      </MissingDependency>
      <MissingDependency>
        <Required type="2" schemaName="discountamount" displayName="Opportunity Discount Amount" parentSchemaName="opportunity" parentDisplayName="Opportunity" solution="msdynce_Sales (9.0.4.0076)">
          <package>msdynce_SalesAnchor (9.0.21122.10002)</package>
        </Required>
        <Dependent type="60" displayName="Opportunity" parentDisplayName="Opportunity" id="{a837e4a7-01b8-4f82-a475-be9abd67e667}" />
      </MissingDependency>
      <MissingDependency>
        <Required type="2" schemaName="discountpercentage" displayName="Opportunity Discount (%)" parentSchemaName="opportunity" parentDisplayName="Opportunity" solution="msdynce_Sales (9.0.4.0076)">
          <package>msdynce_SalesAnchor (9.0.21122.10002)</package>
        </Required>
        <Dependent type="60" displayName="Opportunity" parentDisplayName="Opportunity" id="{a837e4a7-01b8-4f82-a475-be9abd67e667}" />
      </MissingDependency>
      <MissingDependency>
        <Required type="2" schemaName="estimatedclosedate" displayName="Est. Close Date" parentSchemaName="opportunity" parentDisplayName="Opportunity" solution="msdynce_Sales (9.0.4.0076)">
          <package>msdynce_SalesAnchor (9.0.21122.10002)</package>
        </Required>
        <Dependent type="60" displayName="Opportunity" parentDisplayName="Opportunity" id="{a837e4a7-01b8-4f82-a475-be9abd67e667}" />
      </MissingDependency>
      <MissingDependency>
        <Required type="2" schemaName="estimatedvalue" displayName="Est. Revenue" parentSchemaName="opportunity" parentDisplayName="Opportunity" solution="msdynce_Sales (9.0.4.0076)">
          <package>msdynce_SalesAnchor (9.0.21122.10002)</package>
        </Required>
        <Dependent type="60" displayName="Opportunity" parentDisplayName="Opportunity" id="{a837e4a7-01b8-4f82-a475-be9abd67e667}" />
      </MissingDependency>
      <MissingDependency>
        <Required type="2" schemaName="freightamount" displayName="Freight Amount" parentSchemaName="opportunity" parentDisplayName="Opportunity" solution="msdynce_Sales (9.0.4.0076)">
          <package>msdynce_SalesAnchor (9.0.21122.10002)</package>
        </Required>
        <Dependent type="60" displayName="Opportunity" parentDisplayName="Opportunity" id="{a837e4a7-01b8-4f82-a475-be9abd67e667}" />
      </MissingDependency>
      <MissingDependency>
        <Required type="2" schemaName="isrevenuesystemcalculated" displayName="Revenue" parentSchemaName="opportunity" parentDisplayName="Opportunity" solution="msdynce_Sales (9.0.4.0076)">
          <package>msdynce_SalesAnchor (9.0.21122.10002)</package>
        </Required>
        <Dependent type="60" displayName="Opportunity" parentDisplayName="Opportunity" id="{a837e4a7-01b8-4f82-a475-be9abd67e667}" />
      </MissingDependency>
      <MissingDependency>
        <Required type="2" schemaName="msdyn_forecastcategory" displayName="Forecast category" parentSchemaName="opportunity" parentDisplayName="Opportunity" solution="msdyn_Forecasting (9.0.21122.10001)">
          <package>msdyn_SalesIntegrationsAddOns (9.0.21122.10002)</package>
        </Required>
        <Dependent type="60" displayName="Opportunity" parentDisplayName="Opportunity" id="{a837e4a7-01b8-4f82-a475-be9abd67e667}" />
      </MissingDependency>
      <MissingDependency>
        <Required type="2" schemaName="name" displayName="Topic" parentSchemaName="opportunity" parentDisplayName="Opportunity" solution="msdynce_Sales (9.0.4.0076)">
          <package>msdynce_SalesAnchor (9.0.21122.10002)</package>
        </Required>
        <Dependent type="60" displayName="Opportunity" parentDisplayName="Opportunity" id="{a837e4a7-01b8-4f82-a475-be9abd67e667}" />
      </MissingDependency>
      <MissingDependency>
        <Required type="2" schemaName="ownerid" displayName="Owner" parentSchemaName="opportunity" parentDisplayName="Opportunity" solution="msdynce_Sales (9.0.4.0076)">
          <package>msdynce_SalesAnchor (9.0.21122.10002)</package>
        </Required>
        <Dependent type="60" displayName="Opportunity" parentDisplayName="Opportunity" id="{a837e4a7-01b8-4f82-a475-be9abd67e667}" />
      </MissingDependency>
      <MissingDependency>
        <Required type="2" schemaName="parentaccountid" displayName="Account" parentSchemaName="opportunity" parentDisplayName="Opportunity" solution="msdynce_Sales (9.0.4.0076)">
          <package>msdynce_SalesAnchor (9.0.21122.10002)</package>
        </Required>
        <Dependent type="60" displayName="Opportunity" parentDisplayName="Opportunity" id="{a837e4a7-01b8-4f82-a475-be9abd67e667}" />
      </MissingDependency>
      <MissingDependency>
        <Required type="2" schemaName="parentcontactid" displayName="Contact" parentSchemaName="opportunity" parentDisplayName="Opportunity" solution="msdynce_Sales (9.0.4.0076)">
          <package>msdynce_SalesAnchor (9.0.21122.10002)</package>
        </Required>
        <Dependent type="60" displayName="Opportunity" parentDisplayName="Opportunity" id="{a837e4a7-01b8-4f82-a475-be9abd67e667}" />
      </MissingDependency>
      <MissingDependency>
        <Required type="2" schemaName="pricelevelid" displayName="Price List" parentSchemaName="opportunity" parentDisplayName="Opportunity" solution="msdynce_Sales (9.0.4.0076)">
          <package>msdynce_SalesAnchor (9.0.21122.10002)</package>
        </Required>
        <Dependent type="60" displayName="Opportunity" parentDisplayName="Opportunity" id="{a837e4a7-01b8-4f82-a475-be9abd67e667}" />
      </MissingDependency>
      <MissingDependency>
        <Required type="2" schemaName="proposedsolution" displayName="Proposed Solution" parentSchemaName="opportunity" parentDisplayName="Opportunity" solution="msdynce_Sales (9.0.4.0076)">
          <package>msdynce_SalesAnchor (9.0.21122.10002)</package>
        </Required>
        <Dependent type="60" displayName="Opportunity" parentDisplayName="Opportunity" id="{a837e4a7-01b8-4f82-a475-be9abd67e667}" />
      </MissingDependency>
      <MissingDependency>
        <Required type="2" schemaName="purchaseprocess" displayName="Purchase Process" parentSchemaName="opportunity" parentDisplayName="Opportunity" solution="msdynce_Sales (9.0.4.0076)">
          <package>msdynce_SalesAnchor (9.0.21122.10002)</package>
        </Required>
        <Dependent type="60" displayName="Opportunity" parentDisplayName="Opportunity" id="{a837e4a7-01b8-4f82-a475-be9abd67e667}" />
      </MissingDependency>
      <MissingDependency>
        <Required type="2" schemaName="purchasetimeframe" displayName="Purchase Timeframe" parentSchemaName="opportunity" parentDisplayName="Opportunity" solution="msdynce_Sales (9.0.4.0076)">
          <package>msdynce_SalesAnchor (9.0.21122.10002)</package>
        </Required>
        <Dependent type="60" displayName="Opportunity" parentDisplayName="Opportunity" id="{a837e4a7-01b8-4f82-a475-be9abd67e667}" />
      </MissingDependency>
      <MissingDependency>
        <Required type="2" schemaName="statuscode" displayName="Status Reason" parentSchemaName="opportunity" parentDisplayName="Opportunity" solution="msdynce_Sales (9.0.4.0076)">
          <package>msdynce_SalesAnchor (9.0.21122.10002)</package>
        </Required>
        <Dependent type="60" displayName="Opportunity" parentDisplayName="Opportunity" id="{a837e4a7-01b8-4f82-a475-be9abd67e667}" />
      </MissingDependency>
      <MissingDependency>
        <Required type="2" schemaName="totalamount" displayName="Total Amount" parentSchemaName="opportunity" parentDisplayName="Opportunity" solution="msdynce_Sales (9.0.4.0076)">
          <package>msdynce_SalesAnchor (9.0.21122.10002)</package>
        </Required>
        <Dependent type="60" displayName="Opportunity" parentDisplayName="Opportunity" id="{a837e4a7-01b8-4f82-a475-be9abd67e667}" />
      </MissingDependency>
      <MissingDependency>
        <Required type="2" schemaName="totalamountlessfreight" displayName="Total Pre-Freight Amount" parentSchemaName="opportunity" parentDisplayName="Opportunity" solution="msdynce_Sales (9.0.4.0076)">
          <package>msdynce_SalesAnchor (9.0.21122.10002)</package>
        </Required>
        <Dependent type="60" displayName="Opportunity" parentDisplayName="Opportunity" id="{a837e4a7-01b8-4f82-a475-be9abd67e667}" />
      </MissingDependency>
      <MissingDependency>
        <Required type="2" schemaName="totallineitemamount" displayName="Total Detail Amount" parentSchemaName="opportunity" parentDisplayName="Opportunity" solution="msdynce_Sales (9.0.4.0076)">
          <package>msdynce_SalesAnchor (9.0.21122.10002)</package>
        </Required>
        <Dependent type="60" displayName="Opportunity" parentDisplayName="Opportunity" id="{a837e4a7-01b8-4f82-a475-be9abd67e667}" />
      </MissingDependency>
      <MissingDependency>
        <Required type="2" schemaName="totaltax" displayName="Total Tax" parentSchemaName="opportunity" parentDisplayName="Opportunity" solution="msdynce_Sales (9.0.4.0076)">
          <package>msdynce_SalesAnchor (9.0.21122.10002)</package>
        </Required>
        <Dependent type="60" displayName="Opportunity" parentDisplayName="Opportunity" id="{a837e4a7-01b8-4f82-a475-be9abd67e667}" />
      </MissingDependency>
      <MissingDependency>
        <Required type="2" schemaName="transactioncurrencyid" displayName="Currency" parentSchemaName="opportunity" parentDisplayName="Opportunity" solution="msdynce_Sales (9.0.4.0076)">
          <package>msdynce_SalesAnchor (9.0.21122.10002)</package>
        </Required>
        <Dependent type="60" displayName="Opportunity" parentDisplayName="Opportunity" id="{a837e4a7-01b8-4f82-a475-be9abd67e667}" />
      </MissingDependency>
      <MissingDependency>
        <Required type="2" schemaName="parentbundleidref" displayName="Parent bundle product" parentSchemaName="opportunityproduct" parentDisplayName="Opportunity Product" solution="msdynce_SalesPatch (9.0.1904.3002)">
          <package>msdynce_SalesAnchor (9.0.21122.10002)</package>
        </Required>
        <Dependent type="60" displayName="Opportunity" parentDisplayName="Opportunity" id="{a837e4a7-01b8-4f82-a475-be9abd67e667}" />
      </MissingDependency>
      <MissingDependency>
        <Required type="2" schemaName="billto_composite" displayName="Bill To Address" parentSchemaName="quote" parentDisplayName="Quote" solution="msdynce_Sales (9.0.4.0076)">
          <package>msdynce_SalesAnchor (9.0.21122.10002)</package>
        </Required>
        <Dependent type="60" displayName="Quote" parentDisplayName="Quote" id="{54076a2d-d043-4a1b-b061-4d06846371a9}" />
      </MissingDependency>
      <MissingDependency>
        <Required type="2" schemaName="customerid" displayName="Potential Customer" parentSchemaName="quote" parentDisplayName="Quote" solution="msdynce_Sales (9.0.4.0076)">
          <package>msdynce_SalesAnchor (9.0.21122.10002)</package>
        </Required>
        <Dependent type="60" displayName="Quote" parentDisplayName="Quote" id="{54076a2d-d043-4a1b-b061-4d06846371a9}" />
      </MissingDependency>
      <MissingDependency>
        <Required type="2" schemaName="description" displayName="Description" parentSchemaName="quote" parentDisplayName="Quote" solution="msdynce_Sales (9.0.4.0076)">
          <package>msdynce_SalesAnchor (9.0.21122.10002)</package>
        </Required>
        <Dependent type="60" displayName="Quote" parentDisplayName="Quote" id="{54076a2d-d043-4a1b-b061-4d06846371a9}" />
      </MissingDependency>
      <MissingDependency>
        <Required type="2" schemaName="discountamount" displayName="Quote Discount Amount" parentSchemaName="quote" parentDisplayName="Quote" solution="msdynce_Sales (9.0.4.0076)">
          <package>msdynce_SalesAnchor (9.0.21122.10002)</package>
        </Required>
        <Dependent type="60" displayName="Quote" parentDisplayName="Quote" id="{54076a2d-d043-4a1b-b061-4d06846371a9}" />
      </MissingDependency>
      <MissingDependency>
        <Required type="2" schemaName="discountpercentage" displayName="Quote Discount (%)" parentSchemaName="quote" parentDisplayName="Quote" solution="msdynce_Sales (9.0.4.0076)">
          <package>msdynce_SalesAnchor (9.0.21122.10002)</package>
        </Required>
        <Dependent type="60" displayName="Quote" parentDisplayName="Quote" id="{54076a2d-d043-4a1b-b061-4d06846371a9}" />
      </MissingDependency>
      <MissingDependency>
        <Required type="2" schemaName="effectivefrom" displayName="Effective From" parentSchemaName="quote" parentDisplayName="Quote" solution="msdynce_Sales (9.0.4.0076)">
          <package>msdynce_SalesAnchor (9.0.21122.10002)</package>
        </Required>
        <Dependent type="60" displayName="Quote" parentDisplayName="Quote" id="{54076a2d-d043-4a1b-b061-4d06846371a9}" />
      </MissingDependency>
      <MissingDependency>
        <Required type="2" schemaName="effectiveto" displayName="Effective To" parentSchemaName="quote" parentDisplayName="Quote" solution="msdynce_Sales (9.0.4.0076)">
          <package>msdynce_SalesAnchor (9.0.21122.10002)</package>
        </Required>
        <Dependent type="60" displayName="Quote" parentDisplayName="Quote" id="{54076a2d-d043-4a1b-b061-4d06846371a9}" />
      </MissingDependency>
      <MissingDependency>
        <Required type="2" schemaName="freightamount" displayName="Freight Amount" parentSchemaName="quote" parentDisplayName="Quote" solution="msdynce_Sales (9.0.4.0076)">
          <package>msdynce_SalesAnchor (9.0.21122.10002)</package>
        </Required>
        <Dependent type="60" displayName="Quote" parentDisplayName="Quote" id="{54076a2d-d043-4a1b-b061-4d06846371a9}" />
      </MissingDependency>
      <MissingDependency>
        <Required type="2" schemaName="freighttermscode" displayName="Freight Terms" parentSchemaName="quote" parentDisplayName="Quote" solution="msdynce_Sales (9.0.4.0076)">
          <package>msdynce_SalesAnchor (9.0.21122.10002)</package>
        </Required>
        <Dependent type="60" displayName="Quote" parentDisplayName="Quote" id="{54076a2d-d043-4a1b-b061-4d06846371a9}" />
      </MissingDependency>
      <MissingDependency>
        <Required type="2" schemaName="name" displayName="Name" parentSchemaName="quote" parentDisplayName="Quote" solution="msdynce_Sales (9.0.4.0076)">
          <package>msdynce_SalesAnchor (9.0.21122.10002)</package>
        </Required>
        <Dependent type="60" displayName="Quote" parentDisplayName="Quote" id="{54076a2d-d043-4a1b-b061-4d06846371a9}" />
      </MissingDependency>
      <MissingDependency>
        <Required type="2" schemaName="opportunityid" displayName="Opportunity" parentSchemaName="quote" parentDisplayName="Quote" solution="msdynce_Sales (9.0.4.0076)">
          <package>msdynce_SalesAnchor (9.0.21122.10002)</package>
        </Required>
        <Dependent type="60" displayName="Quote" parentDisplayName="Quote" id="{54076a2d-d043-4a1b-b061-4d06846371a9}" />
      </MissingDependency>
      <MissingDependency>
        <Required type="2" schemaName="ownerid" displayName="Owner" parentSchemaName="quote" parentDisplayName="Quote" solution="msdynce_Sales (9.0.4.0076)">
          <package>msdynce_SalesAnchor (9.0.21122.10002)</package>
        </Required>
        <Dependent type="60" displayName="Quote" parentDisplayName="Quote" id="{54076a2d-d043-4a1b-b061-4d06846371a9}" />
      </MissingDependency>
      <MissingDependency>
        <Required type="2" schemaName="paymenttermscode" displayName="Payment Terms" parentSchemaName="quote" parentDisplayName="Quote" solution="msdynce_Sales (9.0.4.0076)">
          <package>msdynce_SalesAnchor (9.0.21122.10002)</package>
        </Required>
        <Dependent type="60" displayName="Quote" parentDisplayName="Quote" id="{54076a2d-d043-4a1b-b061-4d06846371a9}" />
      </MissingDependency>
      <MissingDependency>
        <Required type="2" schemaName="pricelevelid" displayName="Price List" parentSchemaName="quote" parentDisplayName="Quote" solution="msdynce_Sales (9.0.4.0076)">
          <package>msdynce_SalesAnchor (9.0.21122.10002)</package>
        </Required>
        <Dependent type="60" displayName="Quote" parentDisplayName="Quote" id="{54076a2d-d043-4a1b-b061-4d06846371a9}" />
      </MissingDependency>
      <MissingDependency>
        <Required type="2" schemaName="quotenumber" displayName="Quote ID" parentSchemaName="quote" parentDisplayName="Quote" solution="msdynce_Sales (9.0.4.0076)">
          <package>msdynce_SalesAnchor (9.0.21122.10002)</package>
        </Required>
        <Dependent type="60" displayName="Quote" parentDisplayName="Quote" id="{54076a2d-d043-4a1b-b061-4d06846371a9}" />
      </MissingDependency>
      <MissingDependency>
        <Required type="2" schemaName="revisionnumber" displayName="Revision ID" parentSchemaName="quote" parentDisplayName="Quote" solution="msdynce_Sales (9.0.4.0076)">
          <package>msdynce_SalesAnchor (9.0.21122.10002)</package>
        </Required>
        <Dependent type="60" displayName="Quote" parentDisplayName="Quote" id="{54076a2d-d043-4a1b-b061-4d06846371a9}" />
      </MissingDependency>
      <MissingDependency>
        <Required type="2" schemaName="shippingmethodcode" displayName="Shipping Method" parentSchemaName="quote" parentDisplayName="Quote" solution="msdynce_Sales (9.0.4.0076)">
          <package>msdynce_SalesAnchor (9.0.21122.10002)</package>
        </Required>
        <Dependent type="60" displayName="Quote" parentDisplayName="Quote" id="{54076a2d-d043-4a1b-b061-4d06846371a9}" />
      </MissingDependency>
      <MissingDependency>
        <Required type="2" schemaName="shipto_composite" displayName="Ship To Address" parentSchemaName="quote" parentDisplayName="Quote" solution="msdynce_Sales (9.0.4.0076)">
          <package>msdynce_SalesAnchor (9.0.21122.10002)</package>
        </Required>
        <Dependent type="60" displayName="Quote" parentDisplayName="Quote" id="{54076a2d-d043-4a1b-b061-4d06846371a9}" />
      </MissingDependency>
      <MissingDependency>
        <Required type="2" schemaName="statuscode" displayName="Status Reason" parentSchemaName="quote" parentDisplayName="Quote" solution="msdynce_Sales (9.0.4.0076)">
          <package>msdynce_SalesAnchor (9.0.21122.10002)</package>
        </Required>
        <Dependent type="60" displayName="Quote" parentDisplayName="Quote" id="{54076a2d-d043-4a1b-b061-4d06846371a9}" />
      </MissingDependency>
      <MissingDependency>
        <Required type="2" schemaName="totalamount" displayName="Total Amount" parentSchemaName="quote" parentDisplayName="Quote" solution="msdynce_Sales (9.0.4.0076)">
          <package>msdynce_SalesAnchor (9.0.21122.10002)</package>
        </Required>
        <Dependent type="60" displayName="Quote" parentDisplayName="Quote" id="{54076a2d-d043-4a1b-b061-4d06846371a9}" />
      </MissingDependency>
      <MissingDependency>
        <Required type="2" schemaName="totalamountlessfreight" displayName="Total Pre-Freight Amount" parentSchemaName="quote" parentDisplayName="Quote" solution="msdynce_Sales (9.0.4.0076)">
          <package>msdynce_SalesAnchor (9.0.21122.10002)</package>
        </Required>
        <Dependent type="60" displayName="Quote" parentDisplayName="Quote" id="{54076a2d-d043-4a1b-b061-4d06846371a9}" />
      </MissingDependency>
      <MissingDependency>
        <Required type="2" schemaName="totallineitemamount" displayName="Total Detail Amount" parentSchemaName="quote" parentDisplayName="Quote" solution="msdynce_Sales (9.0.4.0076)">
          <package>msdynce_SalesAnchor (9.0.21122.10002)</package>
        </Required>
        <Dependent type="60" displayName="Quote" parentDisplayName="Quote" id="{54076a2d-d043-4a1b-b061-4d06846371a9}" />
      </MissingDependency>
      <MissingDependency>
        <Required type="2" schemaName="totaltax" displayName="Total Tax" parentSchemaName="quote" parentDisplayName="Quote" solution="msdynce_Sales (9.0.4.0076)">
          <package>msdynce_SalesAnchor (9.0.21122.10002)</package>
        </Required>
        <Dependent type="60" displayName="Quote" parentDisplayName="Quote" id="{54076a2d-d043-4a1b-b061-4d06846371a9}" />
      </MissingDependency>
      <MissingDependency>
        <Required type="2" schemaName="transactioncurrencyid" displayName="Currency" parentSchemaName="quote" parentDisplayName="Quote" solution="msdynce_Sales (9.0.4.0076)">
          <package>msdynce_SalesAnchor (9.0.21122.10002)</package>
        </Required>
        <Dependent type="60" displayName="Quote" parentDisplayName="Quote" id="{54076a2d-d043-4a1b-b061-4d06846371a9}" />
      </MissingDependency>
      <MissingDependency>
        <Required type="2" schemaName="willcall" displayName="Ship To" parentSchemaName="quote" parentDisplayName="Quote" solution="msdynce_Sales (9.0.4.0076)">
          <package>msdynce_SalesAnchor (9.0.21122.10002)</package>
        </Required>
        <Dependent type="60" displayName="Quote" parentDisplayName="Quote" id="{54076a2d-d043-4a1b-b061-4d06846371a9}" />
      </MissingDependency>
      <MissingDependency>
        <Required type="2" schemaName="parentbundleidref" displayName="Parent bundle product" parentSchemaName="quotedetail" parentDisplayName="Quote Product" solution="msdynce_SalesPatch (9.0.1904.3002)">
          <package>msdynce_SalesAnchor (9.0.21122.10002)</package>
        </Required>
        <Dependent type="60" displayName="Quote" parentDisplayName="Quote" id="{54076a2d-d043-4a1b-b061-4d06846371a9}" />
      </MissingDependency>
      <MissingDependency>
        <Required type="2" schemaName="billto_composite" displayName="Bill To Address" parentSchemaName="salesorder" parentDisplayName="Order" solution="msdynce_Sales (9.0.4.0076)">
          <package>msdynce_SalesAnchor (9.0.21122.10002)</package>
        </Required>
        <Dependent type="60" displayName="Order" parentDisplayName="Order" id="{d598792c-3ff0-43f3-b3e3-bbd70b99e1a5}" />
      </MissingDependency>
      <MissingDependency>
        <Required type="2" schemaName="customerid" displayName="Customer" parentSchemaName="salesorder" parentDisplayName="Order" solution="msdynce_Sales (9.0.4.0076)">
          <package>msdynce_SalesAnchor (9.0.21122.10002)</package>
        </Required>
        <Dependent type="60" displayName="Order" parentDisplayName="Order" id="{d598792c-3ff0-43f3-b3e3-bbd70b99e1a5}" />
      </MissingDependency>
      <MissingDependency>
        <Required type="2" schemaName="datefulfilled" displayName="Date Fulfilled" parentSchemaName="salesorder" parentDisplayName="Order" solution="msdynce_Sales (9.0.4.0076)">
          <package>msdynce_SalesAnchor (9.0.21122.10002)</package>
        </Required>
        <Dependent type="60" displayName="Order" parentDisplayName="Order" id="{d598792c-3ff0-43f3-b3e3-bbd70b99e1a5}" />
      </MissingDependency>
      <MissingDependency>
        <Required type="2" schemaName="description" displayName="Description" parentSchemaName="salesorder" parentDisplayName="Order" solution="msdynce_Sales (9.0.4.0076)">
          <package>msdynce_SalesAnchor (9.0.21122.10002)</package>
        </Required>
        <Dependent type="60" displayName="Order" parentDisplayName="Order" id="{d598792c-3ff0-43f3-b3e3-bbd70b99e1a5}" />
      </MissingDependency>
      <MissingDependency>
        <Required type="2" schemaName="discountamount" displayName="Order Discount Amount" parentSchemaName="salesorder" parentDisplayName="Order" solution="msdynce_Sales (9.0.4.0076)">
          <package>msdynce_SalesAnchor (9.0.21122.10002)</package>
        </Required>
        <Dependent type="60" displayName="Order" parentDisplayName="Order" id="{d598792c-3ff0-43f3-b3e3-bbd70b99e1a5}" />
      </MissingDependency>
      <MissingDependency>
        <Required type="2" schemaName="discountpercentage" displayName="Order Discount (%)" parentSchemaName="salesorder" parentDisplayName="Order" solution="msdynce_Sales (9.0.4.0076)">
          <package>msdynce_SalesAnchor (9.0.21122.10002)</package>
        </Required>
        <Dependent type="60" displayName="Order" parentDisplayName="Order" id="{d598792c-3ff0-43f3-b3e3-bbd70b99e1a5}" />
      </MissingDependency>
      <MissingDependency>
        <Required type="2" schemaName="freightamount" displayName="Freight Amount" parentSchemaName="salesorder" parentDisplayName="Order" solution="msdynce_Sales (9.0.4.0076)">
          <package>msdynce_SalesAnchor (9.0.21122.10002)</package>
        </Required>
        <Dependent type="60" displayName="Order" parentDisplayName="Order" id="{d598792c-3ff0-43f3-b3e3-bbd70b99e1a5}" />
      </MissingDependency>
      <MissingDependency>
        <Required type="2" schemaName="freighttermscode" displayName="Freight Terms" parentSchemaName="salesorder" parentDisplayName="Order" solution="msdynce_Sales (9.0.4.0076)">
          <package>msdynce_SalesAnchor (9.0.21122.10002)</package>
        </Required>
        <Dependent type="60" displayName="Order" parentDisplayName="Order" id="{d598792c-3ff0-43f3-b3e3-bbd70b99e1a5}" />
      </MissingDependency>
      <MissingDependency>
        <Required type="2" schemaName="ispricelocked" displayName="Prices Locked" parentSchemaName="salesorder" parentDisplayName="Order" solution="msdynce_Sales (9.0.4.0076)">
          <package>msdynce_SalesAnchor (9.0.21122.10002)</package>
        </Required>
        <Dependent type="60" displayName="Order" parentDisplayName="Order" id="{d598792c-3ff0-43f3-b3e3-bbd70b99e1a5}" />
      </MissingDependency>
      <MissingDependency>
        <Required type="2" schemaName="name" displayName="Name" parentSchemaName="salesorder" parentDisplayName="Order" solution="msdynce_Sales (9.0.4.0076)">
          <package>msdynce_SalesAnchor (9.0.21122.10002)</package>
        </Required>
        <Dependent type="60" displayName="Order" parentDisplayName="Order" id="{d598792c-3ff0-43f3-b3e3-bbd70b99e1a5}" />
      </MissingDependency>
      <MissingDependency>
        <Required type="2" schemaName="opportunityid" displayName="Opportunity" parentSchemaName="salesorder" parentDisplayName="Order" solution="msdynce_Sales (9.0.4.0076)">
          <package>msdynce_SalesAnchor (9.0.21122.10002)</package>
        </Required>
        <Dependent type="60" displayName="Order" parentDisplayName="Order" id="{d598792c-3ff0-43f3-b3e3-bbd70b99e1a5}" />
      </MissingDependency>
      <MissingDependency>
        <Required type="2" schemaName="ordernumber" displayName="Order ID" parentSchemaName="salesorder" parentDisplayName="Order" solution="msdynce_Sales (9.0.4.0076)">
          <package>msdynce_SalesAnchor (9.0.21122.10002)</package>
        </Required>
        <Dependent type="60" displayName="Order" parentDisplayName="Order" id="{d598792c-3ff0-43f3-b3e3-bbd70b99e1a5}" />
      </MissingDependency>
      <MissingDependency>
        <Required type="2" schemaName="ownerid" displayName="Owner" parentSchemaName="salesorder" parentDisplayName="Order" solution="msdynce_Sales (9.0.4.0076)">
          <package>msdynce_SalesAnchor (9.0.21122.10002)</package>
        </Required>
        <Dependent type="60" displayName="Order" parentDisplayName="Order" id="{d598792c-3ff0-43f3-b3e3-bbd70b99e1a5}" />
      </MissingDependency>
      <MissingDependency>
        <Required type="2" schemaName="paymenttermscode" displayName="Payment Terms" parentSchemaName="salesorder" parentDisplayName="Order" solution="msdynce_Sales (9.0.4.0076)">
          <package>msdynce_SalesAnchor (9.0.21122.10002)</package>
        </Required>
        <Dependent type="60" displayName="Order" parentDisplayName="Order" id="{d598792c-3ff0-43f3-b3e3-bbd70b99e1a5}" />
      </MissingDependency>
      <MissingDependency>
        <Required type="2" schemaName="pricelevelid" displayName="Price List" parentSchemaName="salesorder" parentDisplayName="Order" solution="msdynce_Sales (9.0.4.0076)">
          <package>msdynce_SalesAnchor (9.0.21122.10002)</package>
        </Required>
        <Dependent type="60" displayName="Order" parentDisplayName="Order" id="{d598792c-3ff0-43f3-b3e3-bbd70b99e1a5}" />
      </MissingDependency>
      <MissingDependency>
        <Required type="2" schemaName="quoteid" displayName="Quote" parentSchemaName="salesorder" parentDisplayName="Order" solution="msdynce_Sales (9.0.4.0076)">
          <package>msdynce_SalesAnchor (9.0.21122.10002)</package>
        </Required>
        <Dependent type="60" displayName="Order" parentDisplayName="Order" id="{d598792c-3ff0-43f3-b3e3-bbd70b99e1a5}" />
      </MissingDependency>
      <MissingDependency>
        <Required type="2" schemaName="requestdeliveryby" displayName="Requested Delivery Date" parentSchemaName="salesorder" parentDisplayName="Order" solution="msdynce_Sales (9.0.4.0076)">
          <package>msdynce_SalesAnchor (9.0.21122.10002)</package>
        </Required>
        <Dependent type="60" displayName="Order" parentDisplayName="Order" id="{d598792c-3ff0-43f3-b3e3-bbd70b99e1a5}" />
      </MissingDependency>
      <MissingDependency>
        <Required type="2" schemaName="shippingmethodcode" displayName="Shipping Method" parentSchemaName="salesorder" parentDisplayName="Order" solution="msdynce_Sales (9.0.4.0076)">
          <package>msdynce_SalesAnchor (9.0.21122.10002)</package>
        </Required>
        <Dependent type="60" displayName="Order" parentDisplayName="Order" id="{d598792c-3ff0-43f3-b3e3-bbd70b99e1a5}" />
      </MissingDependency>
      <MissingDependency>
        <Required type="2" schemaName="shipto_composite" displayName="Ship To Address" parentSchemaName="salesorder" parentDisplayName="Order" solution="msdynce_Sales (9.0.4.0076)">
          <package>msdynce_SalesAnchor (9.0.21122.10002)</package>
        </Required>
        <Dependent type="60" displayName="Order" parentDisplayName="Order" id="{d598792c-3ff0-43f3-b3e3-bbd70b99e1a5}" />
      </MissingDependency>
      <MissingDependency>
        <Required type="2" schemaName="statecode" displayName="Status" parentSchemaName="salesorder" parentDisplayName="Order" solution="msdynce_Sales (9.0.4.0076)">
          <package>msdynce_SalesAnchor (9.0.21122.10002)</package>
        </Required>
        <Dependent type="60" displayName="Order" parentDisplayName="Order" id="{d598792c-3ff0-43f3-b3e3-bbd70b99e1a5}" />
      </MissingDependency>
      <MissingDependency>
        <Required type="2" schemaName="statuscode" displayName="Status Reason" parentSchemaName="salesorder" parentDisplayName="Order" solution="msdynce_Sales (9.0.4.0076)">
          <package>msdynce_SalesAnchor (9.0.21122.10002)</package>
        </Required>
        <Dependent type="60" displayName="Order" parentDisplayName="Order" id="{d598792c-3ff0-43f3-b3e3-bbd70b99e1a5}" />
      </MissingDependency>
      <MissingDependency>
        <Required type="2" schemaName="totalamount" displayName="Total Amount" parentSchemaName="salesorder" parentDisplayName="Order" solution="msdynce_Sales (9.0.4.0076)">
          <package>msdynce_SalesAnchor (9.0.21122.10002)</package>
        </Required>
        <Dependent type="60" displayName="Order" parentDisplayName="Order" id="{d598792c-3ff0-43f3-b3e3-bbd70b99e1a5}" />
      </MissingDependency>
      <MissingDependency>
        <Required type="2" schemaName="totalamountlessfreight" displayName="Total Pre-Freight Amount" parentSchemaName="salesorder" parentDisplayName="Order" solution="msdynce_Sales (9.0.4.0076)">
          <package>msdynce_SalesAnchor (9.0.21122.10002)</package>
        </Required>
        <Dependent type="60" displayName="Order" parentDisplayName="Order" id="{d598792c-3ff0-43f3-b3e3-bbd70b99e1a5}" />
      </MissingDependency>
      <MissingDependency>
        <Required type="2" schemaName="totallineitemamount" displayName="Total Detail Amount" parentSchemaName="salesorder" parentDisplayName="Order" solution="msdynce_Sales (9.0.4.0076)">
          <package>msdynce_SalesAnchor (9.0.21122.10002)</package>
        </Required>
        <Dependent type="60" displayName="Order" parentDisplayName="Order" id="{d598792c-3ff0-43f3-b3e3-bbd70b99e1a5}" />
      </MissingDependency>
      <MissingDependency>
        <Required type="2" schemaName="totaltax" displayName="Total Tax" parentSchemaName="salesorder" parentDisplayName="Order" solution="msdynce_Sales (9.0.4.0076)">
          <package>msdynce_SalesAnchor (9.0.21122.10002)</package>
        </Required>
        <Dependent type="60" displayName="Order" parentDisplayName="Order" id="{d598792c-3ff0-43f3-b3e3-bbd70b99e1a5}" />
      </MissingDependency>
      <MissingDependency>
        <Required type="2" schemaName="transactioncurrencyid" displayName="Currency" parentSchemaName="salesorder" parentDisplayName="Order" solution="msdynce_Sales (9.0.4.0076)">
          <package>msdynce_SalesAnchor (9.0.21122.10002)</package>
        </Required>
        <Dependent type="60" displayName="Order" parentDisplayName="Order" id="{d598792c-3ff0-43f3-b3e3-bbd70b99e1a5}" />
      </MissingDependency>
      <MissingDependency>
        <Required type="2" schemaName="willcall" displayName="Ship To" parentSchemaName="salesorder" parentDisplayName="Order" solution="msdynce_Sales (9.0.4.0076)">
          <package>msdynce_SalesAnchor (9.0.21122.10002)</package>
        </Required>
        <Dependent type="60" displayName="Order" parentDisplayName="Order" id="{d598792c-3ff0-43f3-b3e3-bbd70b99e1a5}" />
      </MissingDependency>
      <MissingDependency>
        <Required type="2" schemaName="parentbundleidref" displayName="Parent bundle product" parentSchemaName="salesorderdetail" parentDisplayName="Order Product" solution="msdynce_SalesPatch (9.0.1904.3002)">
          <package>msdynce_SalesAnchor (9.0.21122.10002)</package>
        </Required>
        <Dependent type="60" displayName="Order" parentDisplayName="Order" id="{d598792c-3ff0-43f3-b3e3-bbd70b99e1a5}" />
      </MissingDependency>
      <MissingDependency>
        <Required type="26" schemaName="Opportunity Product Inline Edit View" displayName="Opportunity Product Inline Edit View" parentSchemaName="opportunityproduct" parentDisplayName="Opportunity Product" solution="msdynce_Sales (9.0.4.0076)" id="{01010de7-749e-4fe6-8037-aca560a4fcbe}">
          <package>msdynce_SalesAnchor (9.0.21122.10002)</package>
        </Required>
        <Dependent type="60" displayName="Opportunity" parentDisplayName="Opportunity" id="{a837e4a7-01b8-4f82-a475-be9abd67e667}" />
      </MissingDependency>
      <MissingDependency>
        <Required type="26" schemaName="All Competitors (summary)" displayName="All Competitors (summary)" parentSchemaName="competitor" parentDisplayName="Competitor" solution="msdynce_Sales (9.0.4.0076)" id="{57bca9ac-87a0-4c28-adc8-2d0a4645f29e}">
          <package>msdynce_SalesAnchor (9.0.21122.10002)</package>
        </Required>
        <Dependent type="60" displayName="Opportunity" parentDisplayName="Opportunity" id="{a837e4a7-01b8-4f82-a475-be9abd67e667}" />
      </MissingDependency>
      <MissingDependency>
        <Required type="26" schemaName="Opportunity Quotes" displayName="Opportunity Quotes" parentSchemaName="quote" parentDisplayName="Quote" solution="msdynce_Sales (9.0.4.0076)" id="{61a4c932-d775-e211-b420-00155d806600}">
          <package>msdynce_SalesAnchor (9.0.21122.10002)</package>
        </Required>
        <Dependent type="60" displayName="Opportunity" parentDisplayName="Opportunity" id="{a837e4a7-01b8-4f82-a475-be9abd67e667}" />
      </MissingDependency>
      <MissingDependency>
        <Required type="26" schemaName="Order Product Inline Edit View: Bundle Products" displayName="Order Product Inline Edit View: Bundle Products" parentSchemaName="salesorderdetail" parentDisplayName="Order Product" solution="msdynce_SalesPatch (9.0.1904.3002)" id="{96a1c3d3-24a3-4541-a2b1-6bc37fe6631e}">
          <package>msdynce_SalesAnchor (9.0.21122.10002)</package>
        </Required>
        <Dependent type="60" displayName="Order" parentDisplayName="Order" id="{d598792c-3ff0-43f3-b3e3-bbd70b99e1a5}" />
      </MissingDependency>
      <MissingDependency>
        <Required type="26" schemaName="Order Product Inline Edit View" displayName="Order Product Inline Edit View" parentSchemaName="salesorderdetail" parentDisplayName="Order Product" solution="msdynce_Sales (9.0.4.0076)" id="{9ac6a187-5fb8-445c-914a-3b4a33c0017e}">
          <package>msdynce_SalesAnchor (9.0.21122.10002)</package>
        </Required>
        <Dependent type="60" displayName="Order" parentDisplayName="Order" id="{d598792c-3ff0-43f3-b3e3-bbd70b99e1a5}" />
      </MissingDependency>
      <MissingDependency>
        <Required type="26" schemaName="Quote Product Inline Edit View" displayName="Quote Product Inline Edit View" parentSchemaName="quotedetail" parentDisplayName="Quote Product" solution="msdynce_Sales (9.0.4.0076)" id="{cf23f371-4c2e-44df-bcef-c8971249bbe0}">
          <package>msdynce_SalesAnchor (9.0.21122.10002)</package>
        </Required>
        <Dependent type="60" displayName="Quote" parentDisplayName="Quote" id="{54076a2d-d043-4a1b-b061-4d06846371a9}" />
      </MissingDependency>
      <MissingDependency>
        <Required type="26" schemaName="Opportunity Product Inline Edit View: Bundle Products" displayName="Opportunity Product Inline Edit View: Bundle Products" parentSchemaName="opportunityproduct" parentDisplayName="Opportunity Product" solution="msdynce_SalesPatch (9.0.1904.3002)" id="{e175dfbf-8eae-4af2-9dd2-68c43c14d40f}">
          <package>msdynce_SalesAnchor (9.0.21122.10002)</package>
        </Required>
        <Dependent type="60" displayName="Opportunity" parentDisplayName="Opportunity" id="{a837e4a7-01b8-4f82-a475-be9abd67e667}" />
      </MissingDependency>
      <MissingDependency>
        <Required type="26" schemaName="Quote Product Inline Edit View: Bundle Products" displayName="Quote Product Inline Edit View: Bundle Products" parentSchemaName="quotedetail" parentDisplayName="Quote Product" solution="msdynce_SalesPatch (9.0.1904.3002)" id="{f6b7bacd-ca87-4cce-b4d3-0ff5dc0d43ef}">
          <package>msdynce_SalesAnchor (9.0.21122.10002)</package>
        </Required>
        <Dependent type="60" displayName="Quote" parentDisplayName="Quote" id="{54076a2d-d043-4a1b-b061-4d06846371a9}" />
      </MissingDependency>
      <MissingDependency>
        <Required type="60" displayName="Quote" parentDisplayName="Quote" solution="msdynce_Sales (9.0.4.0076)" id="{54076a2d-d043-4a1b-b061-4d06846371a9}">
          <package>msdynce_SalesAnchor (9.0.21122.10002)</package>
        </Required>
        <Dependent type="60" displayName="Quote" parentDisplayName="Quote" id="{54076a2d-d043-4a1b-b061-4d06846371a9}" />
      </MissingDependency>
      <MissingDependency>
        <Required type="60" displayName="Opportunity" parentDisplayName="Opportunity" solution="msdynce_Sales (9.0.4.0076)" id="{a837e4a7-01b8-4f82-a475-be9abd67e667}">
          <package>msdynce_SalesAnchor (9.0.21122.10002)</package>
        </Required>
        <Dependent type="60" displayName="Opportunity" parentDisplayName="Opportunity" id="{a837e4a7-01b8-4f82-a475-be9abd67e667}" />
      </MissingDependency>
      <MissingDependency>
        <Required type="60" displayName="Order" parentDisplayName="Order" solution="msdynce_Sales (9.0.4.0076)" id="{d598792c-3ff0-43f3-b3e3-bbd70b99e1a5}">
          <package>msdynce_SalesAnchor (9.0.21122.10002)</package>
        </Required>
        <Dependent type="60" displayName="Order" parentDisplayName="Order" id="{d598792c-3ff0-43f3-b3e3-bbd70b99e1a5}" />
      </MissingDependency>
      <MissingDependency>
        <Required type="61" schemaName="mstelco_Place.svg" displayName="mstelco_Place.svg" solution="TelcoCommonCDM (2.0.3.11)" />
        <Dependent type="1" schemaName="mstelco_place" displayName="Place" />
      </MissingDependency>
      <MissingDependency>
        <Required type="61" schemaName="mstelco_Place16.png" displayName="mstelco_Place16.png" solution="TelcoCommonCDM (2.0.3.11)" />
        <Dependent type="1" schemaName="mstelco_place" displayName="Place" />
      </MissingDependency>
      <MissingDependency>
        <Required type="61" schemaName="mstelco_Place32.png" displayName="mstelco_Place32.png" solution="TelcoCommonCDM (2.0.3.11)" />
        <Dependent type="1" schemaName="mstelco_place" displayName="Place" />
      </MissingDependency>
      <MissingDependency>
        <Required type="61" schemaName="mstelco_ServiceAreaTechnology.svg" displayName="mstelco_ServiceAreaTechnology.svg" solution="TelcoCommonCDM (2.0.3.11)" />
        <Dependent type="1" schemaName="mstelco_serviceareatechnology" displayName="Service Area Technology" />
      </MissingDependency>
      <MissingDependency>
        <Required type="61" schemaName="mstelco_ServiceAreaTechnology16.png" displayName="mstelco_ServiceAreaTechnology16.png" solution="TelcoCommonCDM (2.0.3.11)" />
        <Dependent type="1" schemaName="mstelco_serviceareatechnology" displayName="Service Area Technology" />
      </MissingDependency>
      <MissingDependency>
        <Required type="61" schemaName="mstelco_ServiceAreaTechnology32.png" displayName="mstelco_ServiceAreaTechnology32.png" solution="TelcoCommonCDM (2.0.3.11)" />
        <Dependent type="1" schemaName="mstelco_serviceareatechnology" displayName="Service Area Technology" />
      </MissingDependency>
      <MissingDependency>
        <Required type="66" schemaName="MscrmControls.AcceleratedSales.CadenceWidgetControl" displayName="MscrmControls.AcceleratedSales.CadenceWidgetControl" solution="msdyn_acceleratedsales (9.1.2112.2017)">
          <package>msdynce_SalesInsightsAnchor (9.0.21122.10019)</package>
        </Required>
        <Dependent type="60" displayName="Opportunity" parentDisplayName="Opportunity" id="{a837e4a7-01b8-4f82-a475-be9abd67e667}" />
      </MissingDependency>
      <MissingDependency>
        <Required type="66" schemaName="MscrmControls.CardFeedContainer.CardFeedContainer" displayName="MscrmControls.CardFeedContainer.CardFeedContainer" solution="BaseCustomControlsCore (9.0.2112.2010)" />
        <Dependent type="60" displayName="Opportunity" parentDisplayName="Opportunity" id="{a837e4a7-01b8-4f82-a475-be9abd67e667}" />
      </MissingDependency>
      <MissingDependency>
        <Required type="66" schemaName="MscrmControls.Grid.GridControl" displayName="MscrmControls.Grid.GridControl" solution="BaseCustomControlsCore (9.0.2112.2010)" />
        <Dependent type="60" displayName="Quote" parentDisplayName="Quote" id="{54076a2d-d043-4a1b-b061-4d06846371a9}" />
      </MissingDependency>
      <MissingDependency>
        <Required type="66" schemaName="MscrmControls.Grid.GridControl" displayName="MscrmControls.Grid.GridControl" solution="BaseCustomControlsCore (9.0.2112.2010)" />
        <Dependent type="60" displayName="Opportunity" parentDisplayName="Opportunity" id="{a837e4a7-01b8-4f82-a475-be9abd67e667}" />
      </MissingDependency>
      <MissingDependency>
        <Required type="66" schemaName="MscrmControls.Grid.GridControl" displayName="MscrmControls.Grid.GridControl" solution="BaseCustomControlsCore (9.0.2112.2010)" />
        <Dependent type="60" displayName="Order" parentDisplayName="Order" id="{d598792c-3ff0-43f3-b3e3-bbd70b99e1a5}" />
      </MissingDependency>
      <MissingDependency>
        <Required type="66" schemaName="MscrmControls.Grid.ReadOnlyGrid" displayName="MscrmControls.Grid.ReadOnlyGrid" solution="BaseCustomControlsCore (9.0.2112.2010)" />
        <Dependent type="60" displayName="Opportunity" parentDisplayName="Opportunity" id="{a837e4a7-01b8-4f82-a475-be9abd67e667}" />
      </MissingDependency>
    </MissingDependencies>
  </SolutionManifest>
</ImportExportXml>