<ImportExportXml version="9.2.21114.136" SolutionPackageVersion="9.2" languagecode="1033" generatedBy="CrmLive" xmlns:xsi="http://www.w3.org/2001/XMLSchema-instance">
  <SolutionManifest>
    <UniqueName>TelcoCommonCDM</UniqueName>
    <LocalizedNames>
      <LocalizedName description="Telco Common CDM" languagecode="1033" />
    </LocalizedNames>
    <Descriptions />
    <Version>2.1.0.2</Version>
    <Managed>1</Managed>
    <Publisher>
      <UniqueName>microsoftdynamics365telco</UniqueName>
      <LocalizedNames>
        <LocalizedName description="Microsoft Dynamics 365 Telco" languagecode="1033" />
      </LocalizedNames>
      <Descriptions />
      <EMailAddress xsi:nil="true"></EMailAddress>
      <SupportingWebsiteUrl xsi:nil="true"></SupportingWebsiteUrl>
      <CustomizationPrefix>mstelco</CustomizationPrefix>
      <CustomizationOptionValuePrefix>71983</CustomizationOptionValuePrefix>
      <Addresses>
        <Address>
          <AddressNumber>1</AddressNumber>
          <AddressTypeCode>1</AddressTypeCode>
          <City xsi:nil="true"></City>
          <County xsi:nil="true"></County>
          <Country xsi:nil="true"></Country>
          <Fax xsi:nil="true"></Fax>
          <FreightTermsCode xsi:nil="true"></FreightTermsCode>
          <ImportSequenceNumber xsi:nil="true"></ImportSequenceNumber>
          <Latitude xsi:nil="true"></Latitude>
          <Line1 xsi:nil="true"></Line1>
          <Line2 xsi:nil="true"></Line2>
          <Line3 xsi:nil="true"></Line3>
          <Longitude xsi:nil="true"></Longitude>
          <Name xsi:nil="true"></Name>
          <PostalCode xsi:nil="true"></PostalCode>
          <PostOfficeBox xsi:nil="true"></PostOfficeBox>
          <PrimaryContactName xsi:nil="true"></PrimaryContactName>
          <ShippingMethodCode>1</ShippingMethodCode>
          <StateOrProvince xsi:nil="true"></StateOrProvince>
          <Telephone1 xsi:nil="true"></Telephone1>
          <Telephone2 xsi:nil="true"></Telephone2>
          <Telephone3 xsi:nil="true"></Telephone3>
          <TimeZoneRuleVersionNumber xsi:nil="true"></TimeZoneRuleVersionNumber>
          <UPSZone xsi:nil="true"></UPSZone>
          <UTCOffset xsi:nil="true"></UTCOffset>
          <UTCConversionTimeZoneCode xsi:nil="true"></UTCConversionTimeZoneCode>
        </Address>
        <Address>
          <AddressNumber>2</AddressNumber>
          <AddressTypeCode>1</AddressTypeCode>
          <City xsi:nil="true"></City>
          <County xsi:nil="true"></County>
          <Country xsi:nil="true"></Country>
          <Fax xsi:nil="true"></Fax>
          <FreightTermsCode xsi:nil="true"></FreightTermsCode>
          <ImportSequenceNumber xsi:nil="true"></ImportSequenceNumber>
          <Latitude xsi:nil="true"></Latitude>
          <Line1 xsi:nil="true"></Line1>
          <Line2 xsi:nil="true"></Line2>
          <Line3 xsi:nil="true"></Line3>
          <Longitude xsi:nil="true"></Longitude>
          <Name xsi:nil="true"></Name>
          <PostalCode xsi:nil="true"></PostalCode>
          <PostOfficeBox xsi:nil="true"></PostOfficeBox>
          <PrimaryContactName xsi:nil="true"></PrimaryContactName>
          <ShippingMethodCode>1</ShippingMethodCode>
          <StateOrProvince xsi:nil="true"></StateOrProvince>
          <Telephone1 xsi:nil="true"></Telephone1>
          <Telephone2 xsi:nil="true"></Telephone2>
          <Telephone3 xsi:nil="true"></Telephone3>
          <TimeZoneRuleVersionNumber xsi:nil="true"></TimeZoneRuleVersionNumber>
          <UPSZone xsi:nil="true"></UPSZone>
          <UTCOffset xsi:nil="true"></UTCOffset>
          <UTCConversionTimeZoneCode xsi:nil="true"></UTCConversionTimeZoneCode>
        </Address>
      </Addresses>
    </Publisher>
    <RootComponents>
      <RootComponent type="1" schemaName="account" behavior="1" />
      <RootComponent type="1" schemaName="contact" behavior="1" />
      <RootComponent type="1" schemaName="mstelco_externalsystem" behavior="0" />
      <RootComponent type="1" schemaName="mstelco_geographicaddress" behavior="0" />
      <RootComponent type="1" schemaName="mstelco_geographiclocation" behavior="0" />
      <RootComponent type="1" schemaName="mstelco_geographicplace" behavior="0" />
      <RootComponent type="1" schemaName="mstelco_geographicpoint" behavior="0" />
      <RootComponent type="1" schemaName="mstelco_geographicsubaddress" behavior="0" />
      <RootComponent type="1" schemaName="mstelco_localplace" behavior="0" />
      <RootComponent type="1" schemaName="mstelco_network" behavior="0" />
      <RootComponent type="1" schemaName="mstelco_networkoperatingcenter" behavior="0" />
      <RootComponent type="1" schemaName="mstelco_networkresource" behavior="0" />
      <RootComponent type="1" schemaName="mstelco_networkresourcetype" behavior="0" />
      <RootComponent type="1" schemaName="mstelco_networkzone" behavior="0" />
      <RootComponent type="1" schemaName="mstelco_place" behavior="0" />
      <RootComponent type="1" schemaName="mstelco_servicearea" behavior="0" />
      <RootComponent type="1" schemaName="mstelco_serviceareageoplace" behavior="0" />
      <RootComponent type="1" schemaName="mstelco_serviceareatechnology" behavior="0" />
      <RootComponent type="9" schemaName="mstelco_addressleveltype" behavior="0" />
      <RootComponent type="9" schemaName="mstelco_addresssubunittype" behavior="0" />
      <RootComponent type="9" schemaName="mstelco_addresstype" behavior="0" />
      <RootComponent type="9" schemaName="mstelco_areasizeunit" behavior="0" />
      <RootComponent type="9" schemaName="mstelco_circleradiusunit" behavior="0" />
      <RootComponent type="9" schemaName="mstelco_elevationunit" behavior="0" />
      <RootComponent type="9" schemaName="mstelco_evenorodd" behavior="0" />
      <RootComponent type="9" schemaName="mstelco_geographicplacetype" behavior="0" />
      <RootComponent type="9" schemaName="mstelco_geometrictype" behavior="0" />
      <RootComponent type="9" schemaName="mstelco_networkstatus" behavior="0" />
      <RootComponent type="9" schemaName="mstelco_networktype" behavior="0" />
      <RootComponent type="9" schemaName="mstelco_placeserviceabilitystatus" behavior="0" />
      <RootComponent type="9" schemaName="mstelco_placestatus" behavior="0" />
      <RootComponent type="9" schemaName="mstelco_placetype" behavior="0" />
      <RootComponent type="9" schemaName="mstelco_servicestatus" behavior="0" />
      <RootComponent type="9" schemaName="mstelco_streettype" behavior="0" />
      <RootComponent type="9" schemaName="mstelco_subaddresstype" behavior="0" />
      <RootComponent type="29" id="{2657457a-6020-eb11-a813-000d3a4df348}" behavior="0" />
      <RootComponent type="29" id="{2e5222ae-541c-ec11-b6e6-000d3a98bde5}" behavior="0" />
      <RootComponent type="29" id="{75ebd3ff-c93e-4bd3-b09c-a669974bab84}" behavior="0" />
      <RootComponent type="29" id="{84b0ff77-1e91-eb11-b1ac-000d3a9dfd8c}" behavior="0" />
      <RootComponent type="29" id="{8c343891-6220-eb11-a813-000d3a4df348}" behavior="0" />
      <RootComponent type="29" id="{932e61f1-2751-eb11-a813-000d3a8f29cd}" behavior="0" />
      <RootComponent type="29" id="{b577f783-781b-4bed-8472-8ea90bf402c4}" behavior="0" />
      <RootComponent type="29" id="{dbd2dc8f-3eed-43b7-8494-f25a78a35926}" behavior="0" />
      <RootComponent type="61" schemaName="mstelco_ExternalSystem.svg" behavior="0" />
      <RootComponent type="61" schemaName="mstelco_ExternalSystem16.png" behavior="0" />
      <RootComponent type="61" schemaName="mstelco_ExternalSystem32.png" behavior="0" />
      <RootComponent type="61" schemaName="mstelco_GeographicAddress.svg" behavior="0" />
      <RootComponent type="61" schemaName="mstelco_GeographicAddress16.png" behavior="0" />
      <RootComponent type="61" schemaName="mstelco_GeographicAddress32.png" behavior="0" />
      <RootComponent type="61" schemaName="mstelco_GeographicLocation.svg" behavior="0" />
      <RootComponent type="61" schemaName="mstelco_GeographicLocation16.png" behavior="0" />
      <RootComponent type="61" schemaName="mstelco_GeographicLocation32.png" behavior="0" />
      <RootComponent type="61" schemaName="mstelco_GeographicPlace.svg" behavior="0" />
      <RootComponent type="61" schemaName="mstelco_GeographicPlace16.png" behavior="0" />
      <RootComponent type="61" schemaName="mstelco_GeographicPlace32.png" behavior="0" />
      <RootComponent type="61" schemaName="mstelco_GeographicPoint.svg" behavior="0" />
      <RootComponent type="61" schemaName="mstelco_GeographicPoint16.png" behavior="0" />
      <RootComponent type="61" schemaName="mstelco_GeographicPoint32.png" behavior="0" />
      <RootComponent type="61" schemaName="mstelco_GeographicSubAddress.svg" behavior="0" />
      <RootComponent type="61" schemaName="mstelco_GeographicSubAddress16.png" behavior="0" />
      <RootComponent type="61" schemaName="mstelco_GeographicSubAddress32.png" behavior="0" />
      <RootComponent type="61" schemaName="mstelco_LocalPlace.svg" behavior="0" />
      <RootComponent type="61" schemaName="mstelco_LocalPlace16.png" behavior="0" />
      <RootComponent type="61" schemaName="mstelco_LocalPlace32.png" behavior="0" />
      <RootComponent type="61" schemaName="mstelco_Network.svg" behavior="0" />
      <RootComponent type="61" schemaName="mstelco_Network16.png" behavior="0" />
      <RootComponent type="61" schemaName="mstelco_Network32.png" behavior="0" />
      <RootComponent type="61" schemaName="mstelco_NetworkOperatingCenter.svg" behavior="0" />
      <RootComponent type="61" schemaName="mstelco_NetworkOperatingCenter16.png" behavior="0" />
      <RootComponent type="61" schemaName="mstelco_NetworkOperatingCenter32.png" behavior="0" />
      <RootComponent type="61" schemaName="mstelco_NetworkResource.svg" behavior="0" />
      <RootComponent type="61" schemaName="mstelco_NetworkResource16.png" behavior="0" />
      <RootComponent type="61" schemaName="mstelco_NetworkResource32.png" behavior="0" />
      <RootComponent type="61" schemaName="mstelco_NetworkResourceType.svg" behavior="0" />
      <RootComponent type="61" schemaName="mstelco_NetworkResourceType16.png" behavior="0" />
      <RootComponent type="61" schemaName="mstelco_NetworkResourceType32.png" behavior="0" />
      <RootComponent type="61" schemaName="mstelco_NetworkResource_ServiceStatus_Alert.jpg" behavior="0" />
      <RootComponent type="61" schemaName="mstelco_NetworkResource_ServiceStatus_Emergency.jpg" behavior="0" />
      <RootComponent type="61" schemaName="mstelco_NetworkResource_ServiceStatus_Offline.jpg" behavior="0" />
      <RootComponent type="61" schemaName="mstelco_NetworkResource_ServiceStatus_Online.jpg" behavior="0" />
      <RootComponent type="61" schemaName="mstelco_NetworkResource_ServiceStatus_PlannedOutage.jpg" behavior="0" />
      <RootComponent type="61" schemaName="mstelco_NetworkResource_ServiceStatus_ShowOptionSetIcon.js" behavior="0" />
      <RootComponent type="61" schemaName="mstelco_NetworkResource_ServiceStatus_Uninstalled.jpg" behavior="0" />
      <RootComponent type="61" schemaName="mstelco_NetworkResource_ServiceStatus_Warning.jpg" behavior="0" />
      <RootComponent type="61" schemaName="mstelco_NetworkZone.svg" behavior="0" />
      <RootComponent type="61" schemaName="mstelco_NetworkZone16.png" behavior="0" />
      <RootComponent type="61" schemaName="mstelco_NetworkZone32.png" behavior="0" />
      <RootComponent type="61" schemaName="mstelco_Place.svg" behavior="0" />
      <RootComponent type="61" schemaName="mstelco_Place16.png" behavior="0" />
      <RootComponent type="61" schemaName="mstelco_Place32.png" behavior="0" />
      <RootComponent type="61" schemaName="mstelco_ServiceArea.svg" behavior="0" />
      <RootComponent type="61" schemaName="mstelco_ServiceArea16.png" behavior="0" />
      <RootComponent type="61" schemaName="mstelco_ServiceArea32.png" behavior="0" />
      <RootComponent type="61" schemaName="mstelco_ServiceAreaGeoPlace.svg" behavior="0" />
      <RootComponent type="61" schemaName="mstelco_ServiceAreaGeoPlace16.png" behavior="0" />
      <RootComponent type="61" schemaName="mstelco_ServiceAreaGeoPlace32.png" behavior="0" />
      <RootComponent type="61" schemaName="mstelco_ServiceAreaTechnology.svg" behavior="0" />
      <RootComponent type="61" schemaName="mstelco_ServiceAreaTechnology16.png" behavior="0" />
      <RootComponent type="61" schemaName="mstelco_ServiceAreaTechnology32.png" behavior="0" />
      <RootComponent type="431" schemaName="mstelco_network mstelco_networkmapimage" behavior="0" />
      <RootComponent type="431" schemaName="mstelco_networkresource mstelco_resourceimage" behavior="0" />
      <RootComponent type="432" schemaName="mstelco_network" behavior="0" />
      <RootComponent type="432" schemaName="mstelco_networkresource" behavior="0" />
    </RootComponents>
    <MissingDependencies>
      <MissingDependency>
        <Required type="60" displayName="Contact" parentDisplayName="Contact" solution="msdynce_AppCommon (9.0.4.0066)" id="{1fed44d1-ae68-4a41-bd2b-f13acac4acfa}">
          <package>msdynce_AppCommonAnchor (9.0.21113.10002)</package>
        </Required>
        <Dependent type="60" displayName="Contact" parentDisplayName="Contact" id="{1fed44d1-ae68-4a41-bd2b-f13acac4acfa}" />
      </MissingDependency>
      <MissingDependency>
        <Required type="60" displayName="account contact card" parentDisplayName="Contact" solution="msdynce_AppCommon (9.0.4.0066)" id="{29de27bc-a257-4f29-99cf-bab4a84e688f}">
          <package>msdynce_AppCommonAnchor (9.0.21113.10002)</package>
        </Required>
        <Dependent type="60" displayName="Account" parentDisplayName="Account" id="{8448b78f-8f42-454e-8e2a-f8196b0419af}" />
      </MissingDependency>
      <MissingDependency>
        <Required type="60" displayName="Account" parentDisplayName="Account" solution="msdynce_AppCommon (9.0.4.0066)" id="{8448b78f-8f42-454e-8e2a-f8196b0419af}">
          <package>msdynce_AppCommonAnchor (9.0.21113.10002)</package>
        </Required>
        <Dependent type="60" displayName="Account" parentDisplayName="Account" id="{8448b78f-8f42-454e-8e2a-f8196b0419af}" />
      </MissingDependency>
      <MissingDependency>
        <Required type="66" schemaName="MscrmControls.CardFeedContainer.CardFeedContainer" displayName="MscrmControls.CardFeedContainer.CardFeedContainer" solution="BaseCustomControlsCore (9.0.2111.4011)" />
        <Dependent type="60" displayName="Contact" parentDisplayName="Contact" id="{1fed44d1-ae68-4a41-bd2b-f13acac4acfa}" />
      </MissingDependency>
      <MissingDependency>
        <Required type="66" schemaName="MscrmControls.CardFeedContainer.CardFeedContainer" displayName="MscrmControls.CardFeedContainer.CardFeedContainer" solution="BaseCustomControlsCore (9.0.2111.4011)" />
        <Dependent type="60" displayName="Account" parentDisplayName="Account" id="{8448b78f-8f42-454e-8e2a-f8196b0419af}" />
      </MissingDependency>
      <MissingDependency>
        <Required type="66" schemaName="MscrmControls.FieldControls.ToggleControl" displayName="MscrmControls.FieldControls.ToggleControl" solution="BaseCustomControlsCore (9.0.2111.4011)" />
        <Dependent type="60" displayName="Information" parentDisplayName="Network Operating Center" id="{83a1f260-eb81-444a-adf0-383d2141b1d2}" />
      </MissingDependency>
    </MissingDependencies>
  </SolutionManifest>
</ImportExportXml>