<ImportExportXml xmlns:xsi="http://www.w3.org/2001/XMLSchema-instance">
  <Entities>
    <Entity>
      <Name LocalizedName="Geographic Address" OriginalName="Geographic Address">mstelco_GeographicAddress</Name>
      <FormXml>
        <forms type="main">
          <systemform>
            <formid>{0dfee497-5765-4bab-87a4-d78fb3cb9d3c}</formid>
            <IntroducedVersion>1.0.0.0</IntroducedVersion>
            <FormPresentation>1</FormPresentation>
            <FormActivationState>1</FormActivationState>
            <form headerdensity="HighWithControls">
              <tabs>
                <tab verticallayout="true" id="{54a9a3c2-cd51-4fd4-bc6f-0b52952b9721}" IsUserDefined="1" name="{54a9a3c2-cd51-4fd4-bc6f-0b52952b9721}" locklevel="0" expanded="true" showlabel="true" ordinalvalue="0">
                  <columns>
                    <column width="50%" id="1">
                      <sections>
                        <section name="section_map" showlabel="true" showbar="false" locklevel="0" id="{16103ece-e2a0-8bb9-ec91-6ed441a56e6e}" IsUserDefined="0" layout="varwidth" columns="1" labelwidth="115" celllabelalignment="Left" celllabelposition="Left" ordinalvalue="0">
                          <rows>
                            <row>
                              <cell id="{7cae0830-008b-9d98-421e-0aaac43c806b}" showlabel="false" ordinalvalue="10000" solutionaction="Removed" />
                            </row>
                            <row>
                              <cell id="{417a83ae-c943-66c3-5be3-2447b193e615}" showlabel="false" locklevel="0" ordinalvalue="10000" solutionaction="Added">
                                <labels>
                                  <label description="Street Number Last Suffix" languagecode="1033" />
                                </labels>
                                <control id="mstelco_streetnumberlastsuffix" classid="{F9A8A302-114E-466A-B582-6771B2AE0D92}" datafieldname="mstelco_streetnumberlastsuffix" disabled="false" uniqueid="{0ea70181-454e-a2a1-04ca-3b835c41d3dc}" />
                              </cell>
                            </row>
                          </rows>
                        </section>
                      </sections>
                    </column>
                  </columns>
                </tab>
              </tabs>
              <controlDescriptions>
                <controlDescription forControl="{0ea70181-454e-a2a1-04ca-3b835c41d3dc}" solutionaction="Added">
                  <customControl id="{4273EDBD-AC1D-40d3-9FB2-095C621B552D}" formFactor="0">
                    <parameters>
                      <datafieldname>mstelco_streetnumberlastsuffix</datafieldname>
                    </parameters>
                  </customControl>
                  <customControl id="{4273EDBD-AC1D-40d3-9FB2-095C621B552D}" formFactor="1">
                    <parameters>
                      <datafieldname>mstelco_streetnumberlastsuffix</datafieldname>
                    </parameters>
                  </customControl>
                  <customControl formFactor="2" name="mstelco_PCFControls.DataFromMap">
                    <parameters>
                      <jsonMapData>mstelco_streetnumberlastsuffix</jsonMapData>
                    </parameters>
                  </customControl>
                </controlDescription>
              </controlDescriptions>
            </form>
            <LocalizedNames>
              <LocalizedName description="Information" languagecode="1033" />
            </LocalizedNames>
            <Descriptions>
              <Description description="A form for this entity." languagecode="1033" />
            </Descriptions>
          </systemform>
        </forms>
      </FormXml>
      <RibbonDiffXml>
        <CustomActions />
        <Templates>
          <RibbonTemplates Id="Mscrm.Templates"></RibbonTemplates>
        </Templates>
        <CommandDefinitions />
        <RuleDefinitions>
          <TabDisplayRules />
          <DisplayRules />
          <EnableRules />
        </RuleDefinitions>
        <LocLabels />
      </RibbonDiffXml>
    </Entity>
    <Entity>
      <Name LocalizedName="Geographic Location" OriginalName="Geographic Location">mstelco_GeographicLocation</Name>
      <FormXml>
        <forms type="main">
          <systemform>
            <formid>{0f108385-2b86-4abe-ac85-7e86fb76cba0}</formid>
            <IntroducedVersion>1.0.0.0</IntroducedVersion>
            <FormPresentation>1</FormPresentation>
            <FormActivationState>1</FormActivationState>
            <form headerdensity="HighWithControls">
              <tabs>
                <tab verticallayout="true" id="{7399aea6-0e21-4d58-a46d-3e144244c841}" IsUserDefined="1" name="{7399aea6-0e21-4d58-a46d-3e144244c841}" locklevel="0" expanded="true" showlabel="true" ordinalvalue="0">
                  <columns>
                    <column width="50%" id="0">
                      <sections>
                        <section name="{7399aea6-0e21-4d58-a46d-3e144244c841}_section_3" showlabel="true" showbar="false" locklevel="0" id="{c1a98d1b-7646-1656-7e4a-84a516567785}" IsUserDefined="0" layout="varwidth" columns="1" labelwidth="130" celllabelalignment="Left" celllabelposition="Left" ordinalvalue="1">
                          <rows>
                            <row>
                              <cell locklevel="0" id="{945969f6-8106-4cf2-819f-f43822cd5be5}" showlabel="false" ordinalvalue="20003" solutionaction="Modified" />
                            </row>
                            <row>
                              <cell locklevel="0" id="{d7518bc6-07e2-4857-bc96-df4170933345}" showlabel="false" ordinalvalue="20004" solutionaction="Modified" />
                            </row>
                          </rows>
                        </section>
                      </sections>
                    </column>
                    <column width="50%" id="1">
                      <sections>
                        <section name="section_map" showlabel="true" showbar="false" locklevel="0" id="{5bda38b3-da96-2eda-9185-39ca7da89573}" IsUserDefined="0" layout="varwidth" columns="1" labelwidth="115" celllabelalignment="Left" celllabelposition="Left" ordinalvalue="0">
                          <rows>
                            <row>
                              <cell id="{11cb6eab-3977-17b5-0064-d0ad3a724505}" showlabel="false" ordinalvalue="10000" solutionaction="Removed" />
                            </row>
                            <row>
                              <cell id="{c6e6e173-a498-d826-194d-62c2aa014cd4}" showlabel="false" locklevel="0" ordinalvalue="10000" solutionaction="Added">
                                <labels>
                                  <label description="Azure Maps JSON Metadata" languagecode="1033" />
                                </labels>
                                <control id="mstelco_jsonmetadata" classid="{F9A8A302-114E-466A-B582-6771B2AE0D92}" datafieldname="mstelco_jsonmetadata" disabled="false" uniqueid="{6b7669c2-10d1-d522-2dbe-c76334a08dea}" />
                              </cell>
                            </row>
                          </rows>
                        </section>
                      </sections>
                    </column>
                  </columns>
                </tab>
                <tab name="geographicpoints" id="{28edcd98-db7e-146e-3d48-0c72b1068694}" IsUserDefined="0" locklevel="0" showlabel="true" expanded="true" ordinalvalue="1">
                  <columns>
                    <column width="100%" id="0">
                      <sections>
                        <section name="section_geographicpoints" showlabel="false" showbar="false" locklevel="0" id="{dad4c77a-cb45-d2d3-936b-1b8018bd5b9b}" IsUserDefined="0" layout="varwidth" columns="1" labelwidth="115" height="auto" ordinalvalue="0" solutionaction="Modified">
                          <rows />
                        </section>
                      </sections>
                    </column>
                  </columns>
                </tab>
              </tabs>
              <controlDescriptions>
                <controlDescription forControl="{6b7669c2-10d1-d522-2dbe-c76334a08dea}" solutionaction="Added">
                  <customControl id="{E0DECE4B-6FC8-4a8f-A065-082708572369}" formFactor="0">
                    <parameters>
                      <datafieldname>mstelco_jsonmetadata</datafieldname>
                    </parameters>
                  </customControl>
                  <customControl id="{E0DECE4B-6FC8-4a8f-A065-082708572369}" formFactor="1">
                    <parameters>
                      <datafieldname>mstelco_jsonmetadata</datafieldname>
                    </parameters>
                  </customControl>
                  <customControl formFactor="2" name="mstelco_PCFControls.DataFromMap">
                    <parameters>
                      <jsonMapData>mstelco_jsonmetadata</jsonMapData>
                    </parameters>
                  </customControl>
                </controlDescription>
              </controlDescriptions>
            </form>
            <LocalizedNames>
              <LocalizedName description="Information" languagecode="1033" />
            </LocalizedNames>
            <Descriptions>
              <Description description="A form for this entity." languagecode="1033" />
            </Descriptions>
          </systemform>
        </forms>
      </FormXml>
      <RibbonDiffXml>
        <CustomActions />
        <Templates>
          <RibbonTemplates Id="Mscrm.Templates"></RibbonTemplates>
        </Templates>
        <CommandDefinitions />
        <RuleDefinitions>
          <TabDisplayRules />
          <DisplayRules />
          <EnableRules />
        </RuleDefinitions>
        <LocLabels />
      </RibbonDiffXml>
    </Entity>
    <Entity>
      <Name LocalizedName="Local Place" OriginalName="Local Place">mstelco_LocalPlace</Name>
      <FormXml>
        <forms type="main">
          <systemform>
            <formid>{2d6c3600-75d4-4bfb-b161-af7b323c96c7}</formid>
            <IntroducedVersion>1.0.0.0</IntroducedVersion>
            <FormPresentation>1</FormPresentation>
            <FormActivationState>1</FormActivationState>
            <form headerdensity="HighWithControls">
              <tabs>
                <tab verticallayout="true" id="{c511c696-5e36-4466-a058-93b544015d40}" IsUserDefined="1" name="tab_general" locklevel="0" expanded="true" showlabel="true" ordinalvalue="0" solutionaction="Modified">
                  <columns>
                    <column width="50%" id="1">
                      <sections>
                        <section id="{505c474d-e9b5-4d92-8f94-c9a5e9acc73b}" name="tab_general_section_map" columns="1" showlabel="true" showbar="false" IsUserDefined="0" locklevel="0" labelwidth="130" celllabelalignment="Left" celllabelposition="Left" ordinalvalue="0" solutionaction="Added">
                          <labels>
                            <label description="Map" languagecode="1033" />
                          </labels>
                          <rows>
                            <row>
                              <cell id="{2a5b279d-60ed-85cd-ce46-5b544006abca}" showlabel="false" locklevel="0" ordinalvalue="10000">
                                <labels>
                                  <label description="Description" languagecode="1033" />
                                </labels>
                                <control id="mstelco_description" classid="{F9A8A302-114E-466A-B582-6771B2AE0D92}" datafieldname="mstelco_description" disabled="false" uniqueid="{543c8be7-aa4c-3049-3019-d7c1a55a3c9a}" />
                              </cell>
                            </row>
                          </rows>
                        </section>
                      </sections>
                    </column>
                  </columns>
                </tab>
              </tabs>
              <controlDescriptions>
                <controlDescription forControl="{543c8be7-aa4c-3049-3019-d7c1a55a3c9a}" solutionaction="Added">
                  <customControl id="{E0DECE4B-6FC8-4a8f-A065-082708572369}" formFactor="0">
                    <parameters>
                      <datafieldname>mstelco_description</datafieldname>
                    </parameters>
                  </customControl>
                  <customControl id="{E0DECE4B-6FC8-4a8f-A065-082708572369}" formFactor="1">
                    <parameters>
                      <datafieldname>mstelco_description</datafieldname>
                    </parameters>
                  </customControl>
                  <customControl formFactor="2" name="mstelco_PCFControls.DataFromMap">
                    <parameters>
                      <jsonMapData>mstelco_description</jsonMapData>
                    </parameters>
                  </customControl>
                </controlDescription>
              </controlDescriptions>
            </form>
            <LocalizedNames>
              <LocalizedName description="Information" languagecode="1033" />
            </LocalizedNames>
            <Descriptions>
              <Description description="A form for this entity." languagecode="1033" />
            </Descriptions>
          </systemform>
        </forms>
      </FormXml>
      <RibbonDiffXml>
        <CustomActions />
        <Templates>
          <RibbonTemplates Id="Mscrm.Templates"></RibbonTemplates>
        </Templates>
        <CommandDefinitions />
        <RuleDefinitions>
          <TabDisplayRules />
          <DisplayRules />
          <EnableRules />
        </RuleDefinitions>
        <LocLabels />
      </RibbonDiffXml>
    </Entity>
    <Entity>
      <Name LocalizedName="Maintenance Activity" OriginalName="Maintenance Activity">mstelco_MaintenanceActivity</Name>
      <EntityInfo>
        <entity Name="mstelco_MaintenanceActivity">
          <LocalizedNames>
            <LocalizedName description="Maintenance Activity" languagecode="1033" />
          </LocalizedNames>
          <LocalizedCollectionNames>
            <LocalizedCollectionName description="Maintenance Activities" languagecode="1033" />
          </LocalizedCollectionNames>
          <Descriptions>
            <Description description="" languagecode="1033" />
          </Descriptions>
          <attributes />
          <EntitySetName>mstelco_maintenanceactivities</EntitySetName>
          <IsDuplicateCheckSupported>1</IsDuplicateCheckSupported>
          <IsBusinessProcessEnabled>0</IsBusinessProcessEnabled>
          <IsRequiredOffline>0</IsRequiredOffline>
          <IsInteractionCentricEnabled>0</IsInteractionCentricEnabled>
          <IsCollaboration>1</IsCollaboration>
          <AutoRouteToOwnerQueue>0</AutoRouteToOwnerQueue>
          <IsConnectionsEnabled>1</IsConnectionsEnabled>
          <EntityColor></EntityColor>
          <IsDocumentManagementEnabled>0</IsDocumentManagementEnabled>
          <AutoCreateAccessTeams>0</AutoCreateAccessTeams>
          <IsOneNoteIntegrationEnabled>0</IsOneNoteIntegrationEnabled>
          <IsKnowledgeManagementEnabled>0</IsKnowledgeManagementEnabled>
          <IsSLAEnabled>0</IsSLAEnabled>
          <IsDocumentRecommendationsEnabled>0</IsDocumentRecommendationsEnabled>
          <IsBPFEntity>0</IsBPFEntity>
          <OwnershipTypeMask>UserOwned</OwnershipTypeMask>
          <IsAuditEnabled>0</IsAuditEnabled>
          <IsRetrieveAuditEnabled>0</IsRetrieveAuditEnabled>
          <IsRetrieveMultipleAuditEnabled>0</IsRetrieveMultipleAuditEnabled>
          <IsActivity>1</IsActivity>
          <ActivityTypeMask>CommunicationActivity</ActivityTypeMask>
          <IsActivityParty>0</IsActivityParty>
          <IsReplicated>1</IsReplicated>
          <IsReplicationUserFiltered>1</IsReplicationUserFiltered>
          <IsMailMergeEnabled>0</IsMailMergeEnabled>
          <IsVisibleInMobile>0</IsVisibleInMobile>
          <IsVisibleInMobileClient>0</IsVisibleInMobileClient>
          <IsReadOnlyInMobileClient>0</IsReadOnlyInMobileClient>
          <IsOfflineInMobileClient>0</IsOfflineInMobileClient>
          <DaysSinceRecordLastModified>0</DaysSinceRecordLastModified>
          <MobileOfflineFilters></MobileOfflineFilters>
          <IsMapiGridEnabled>1</IsMapiGridEnabled>
          <IsReadingPaneEnabled>1</IsReadingPaneEnabled>
          <IsQuickCreateEnabled>1</IsQuickCreateEnabled>
          <SyncToExternalSearchIndex>0</SyncToExternalSearchIndex>
          <IntroducedVersion>5.0.0.0</IntroducedVersion>
          <IconMediumName></IconMediumName>
          <IconSmallName></IconSmallName>
          <IconVectorName></IconVectorName>
          <EnforceStateTransitions>0</EnforceStateTransitions>
          <EntityHelpUrlEnabled>0</EntityHelpUrlEnabled>
          <EntityHelpUrl></EntityHelpUrl>
          <ChangeTrackingEnabled>0</ChangeTrackingEnabled>
          <IsEnabledForExternalChannels>0</IsEnabledForExternalChannels>
          <IsSolutionAware>0</IsSolutionAware>
          <HasRelatedNotes>True</HasRelatedNotes>
          <HasRelatedFeedback>True</HasRelatedFeedback>
        </entity>
      </EntityInfo>
      <SavedQueries>
        <savedqueries>
          <savedquery>
            <isquickfindquery>0</isquickfindquery>
            <isprivate>0</isprivate>
            <isdefault>0</isdefault>
            <savedqueryid>{403a0fbb-9fee-4ca8-938c-cc05d9840a81}</savedqueryid>
            <layoutxml>
              <grid name="resultset" jump="subject" select="1" icon="1" preview="1">
                <row name="result" id="activityid">
                  <cell name="regardingobjectid" width="126" />
                  <cell name="statecode" width="137" />
                  <cell name="subject" width="154" />
                  <cell name="scheduledstart" width="155" />
                  <cell name="scheduledend" width="146" />
                  <cell name="actualend" width="100" />
                </row>
              </grid>
            </layoutxml>
            <querytype>0</querytype>
            <fetchxml>
              <fetch version="1.0" mapping="logical">
                <entity name="mstelco_maintenanceactivity">
                  <attribute name="activityid" />
                  <attribute name="subject" />
                  <filter type="and">
                    <condition attribute="statecode" operator="in">
                      <value>1</value>
                      <value>2</value>
                    </condition>
                  </filter>
                  <attribute name="regardingobjectid" />
                  <attribute name="scheduledstart" />
                  <attribute name="scheduledend" />
                  <attribute name="actualend" />
                  <attribute name="statecode" />
                  <order attribute="actualend" descending="true" />
                </entity>
              </fetch>
            </fetchxml>
            <IntroducedVersion>1.0.3.7</IntroducedVersion>
            <LocalizedNames>
              <LocalizedName description="Closed Maintenance Activities" languagecode="1033" />
            </LocalizedNames>
          </savedquery>
          <savedquery>
            <IsCustomizable>1</IsCustomizable>
            <CanBeDeleted>1</CanBeDeleted>
            <isquickfindquery>0</isquickfindquery>
            <isprivate>0</isprivate>
            <isdefault>0</isdefault>
            <savedqueryid>{78cd9b07-b42c-ec11-b6e5-002248209a7b}</savedqueryid>
            <layoutxml>
              <grid name="resultset" jump="subject" select="1" icon="1" preview="1">
                <row name="result" id="activityid">
                  <cell name="regardingobjectid" width="160" />
                  <cell name="statecode" width="129" />
                  <cell name="subject" width="162" />
                  <cell name="scheduledstart" width="168" />
                  <cell name="scheduledend" width="149" />
                  <cell name="actualend" width="100" />
                </row>
                <controlDescriptions>
                  <controlDescription>
                    <customControl id="{E7A81278-8635-4d9e-8D4D-59480B391C5B}" formFactor="0">
                      <parameters />
                    </customControl>
                    <customControl id="{E7A81278-8635-4d9e-8D4D-59480B391C5B}" formFactor="1">
                      <parameters />
                    </customControl>
                    <customControl name="MscrmControls.ActivityCalendarControl.ActivityCalendarControl" formFactor="2">
                      <parameters>
                        <data-set name="Calendar">
                          <ViewId>00000000-0000-0000-0000-000000000000</ViewId>
                          <StartDate>scheduledstart</StartDate>
                          <Description>subject</Description>
                          <EndDate>scheduledend</EndDate>
                          <Duration>scheduleddurationminutes</Duration>
                        </data-set>
                      </parameters>
                    </customControl>
                  </controlDescription>
                </controlDescriptions>
              </grid>
            </layoutxml>
            <querytype>0</querytype>
            <fetchxml>
              <fetch version="1.0" mapping="logical">
                <entity name="mstelco_maintenanceactivity">
                  <attribute name="subject" />
                  <order attribute="subject" descending="false" />
                  <filter type="and">
                    <condition attribute="statecode" operator="not-null" />
                  </filter>
                  <attribute name="regardingobjectid" />
                  <attribute name="scheduledstart" />
                  <attribute name="scheduledend" />
                  <attribute name="actualend" />
                  <attribute name="statecode" />
                  <attribute name="activityid" />
                </entity>
              </fetch>
            </fetchxml>
            <IntroducedVersion>1.0.0.3</IntroducedVersion>
            <LocalizedNames>
              <LocalizedName description="Maintenance Activities Calendar View" languagecode="1033" />
            </LocalizedNames>
          </savedquery>
          <savedquery>
            <IsCustomizable>1</IsCustomizable>
            <CanBeDeleted>1</CanBeDeleted>
            <isquickfindquery>0</isquickfindquery>
            <isprivate>0</isprivate>
            <isdefault>1</isdefault>
            <savedqueryid>{a12d4f28-c431-ec11-b6e5-00224826dca3}</savedqueryid>
            <layoutxml>
              <grid name="resultset" jump="subject" select="1" icon="1" preview="1">
                <row name="result" id="activityid">
                  <cell name="regardingobjectid" width="126" />
                  <cell name="statecode" width="137" />
                  <cell name="subject" width="154" />
                  <cell name="scheduledstart" width="155" />
                  <cell name="scheduledend" width="146" />
                  <cell name="actualend" width="100" />
                </row>
              </grid>
            </layoutxml>
            <querytype>0</querytype>
            <fetchxml>
              <fetch version="1.0" mapping="logical">
                <entity name="mstelco_maintenanceactivity">
                  <attribute name="activityid" />
                  <attribute name="subject" />
                  <attribute name="regardingobjectid" />
                  <attribute name="scheduledstart" />
                  <attribute name="scheduledend" />
                  <attribute name="actualend" />
                  <attribute name="statecode" />
                  <order attribute="scheduledstart" descending="false" />
                  <filter type="and">
                    <condition attribute="statecode" operator="in">
                      <value>3</value>
                      <value>0</value>
                    </condition>
                  </filter>
                </entity>
              </fetch>
            </fetchxml>
            <IntroducedVersion>1.0.0.3</IntroducedVersion>
            <LocalizedNames>
              <LocalizedName description="Open Maintenance Activities" languagecode="1033" />
            </LocalizedNames>
          </savedquery>
        </savedqueries>
      </SavedQueries>
      <Visualizations>
        <visualization>
          <savedqueryvisualizationid>{75BEE548-ED2B-EC11-B6E5-00224821C18C}</savedqueryvisualizationid>
          <datadescription>
            <datadefinition>
              <fetchcollection>
                <fetch mapping="logical" aggregate="true">
                  <entity name="mstelco_maintenanceactivity">
                    <attribute name="statecode" groupby="true" alias="_CRMAutoGen_groupby_column_Num_0" />
                    <attribute name="subject" aggregate="count" alias="_CRMAutoGen_aggregate_column_Num_0" />
                  </entity>
                </fetch>
              </fetchcollection>
              <categorycollection>
                <category alias="_CRMAutoGen_groupby_column_Num_0">
                  <measurecollection>
                    <measure alias="_CRMAutoGen_aggregate_column_Num_0" />
                  </measurecollection>
                </category>
              </categorycollection>
            </datadefinition>
          </datadescription>
          <presentationdescription>
            <Chart Palette="None" PaletteCustomColors="91,151,213; 213,112,44; 160,116,166; 178,134,0; 68,114,196; 90,139,56; 37,94,145; 158,72,14; 117,55,125; 153,115,0; 38,68,120; 67,104,43; 86,122,154; 192,120,72; 167,129,172; 178,143,35; 105,142,208; 112,154,83; 50,125,194; 210,96,18; 150,83,159; 183,138,0; 51,90,161; 90,138,57;">
              <Series>
                <Series ShadowOffset="0" IsValueShownAsLabel="True" Font="{0}, 9.5px" LabelForeColor="59, 59, 59" CustomProperties="PieLabelStyle=Inside, PieDrawingStyle=Default" ChartType="pie">
                  <SmartLabelStyle Enabled="True" />
                </Series>
              </Series>
              <ChartAreas>
                <ChartArea>
                  <Area3DStyle Enable3D="false" />
                </ChartArea>
              </ChartAreas>
              <Legends>
                <Legend Alignment="Center" LegendStyle="Table" Docking="right" IsEquallySpacedItems="True" Font="{0}, 11px" ShadowColor="0, 0, 0, 0" ForeColor="59, 59, 59" />
              </Legends>
              <Titles>
                <Title Alignment="TopLeft" DockingOffset="-3" Font="{0}, 13px" ForeColor="0, 0, 0" />
              </Titles>
            </Chart>
          </presentationdescription>
          <isdefault>0</isdefault>
          <LocalizedNames>
            <LocalizedName description="Maintenance Activities by Status" languagecode="1033" />
          </LocalizedNames>
          <IsCustomizable>1</IsCustomizable>
          <IntroducedVersion>1.0.0.0</IntroducedVersion>
          <CanBeDeleted>1</CanBeDeleted>
        </visualization>
      </Visualizations>
      <RibbonDiffXml>
        <CustomActions />
        <Templates>
          <RibbonTemplates Id="Mscrm.Templates"></RibbonTemplates>
        </Templates>
        <CommandDefinitions />
        <RuleDefinitions>
          <TabDisplayRules />
          <DisplayRules />
          <EnableRules />
        </RuleDefinitions>
        <LocLabels />
      </RibbonDiffXml>
    </Entity>
    <Entity>
      <Name LocalizedName="Network Resource" OriginalName="Network Resource">mstelco_NetworkResource</Name>
      <FormXml>
        <forms type="main">
          <systemform>
            <formid>{3ad219f1-138b-427a-880a-2586d195e9b4}</formid>
            <IntroducedVersion>1.0.0.0</IntroducedVersion>
            <FormPresentation>1</FormPresentation>
            <FormActivationState>1</FormActivationState>
            <form headerdensity="HighWithControls" shownavigationbar="true" showImage="false" maxWidth="1920">
              <tabs>
                <tab name="tab_mstelco_geographiclocation" id="3ee212c5-d013-4e24-a48d-8f01a1afb9de" IsUserDefined="0" locklevel="0" showlabel="true" ordinalvalue="1">
                  <columns>
                    <column width="50%" id="1">
                      <sections>
                        <section name="section_map" id="3eb78998-3909-4a99-a3bc-ed42cec13696" IsUserDefined="0" locklevel="0" showlabel="true" showbar="false" layout="varwidth" celllabelalignment="Left" celllabelposition="Left" columns="1" labelwidth="115" ordinalvalue="0">
                          <rows>
                            <row>
                              <cell id="{20c4dca0-aaf2-484b-8ed9-f0e5ca64a370}" locklevel="0" colspan="1" rowspan="1" showlabel="false" ordinalvalue="10000">
                                <control id="mstelco_string" classid="{F9A8A302-114E-466A-B582-6771B2AE0D92}" datafieldname="mstelco_string" disabled="false" uniqueid="{a84ee148-a8c7-b21a-a023-03145e4b2c98}" solutionaction="Modified" />
                              </cell>
                            </row>
                          </rows>
                        </section>
                      </sections>
                    </column>
                  </columns>
                </tab>
              </tabs>
              <Navigation>
                <NavBar />
              </Navigation>
              <controlDescriptions>
                <controlDescription forControl="{a84ee148-a8c7-b21a-a023-03145e4b2c98}" solutionaction="Added">
                  <customControl id="{4273EDBD-AC1D-40D3-9FB2-095C621B552D}" formFactor="0">
                    <parameters>
                      <datafieldname>mstelco_string</datafieldname>
                    </parameters>
                  </customControl>
                  <customControl id="{4273EDBD-AC1D-40D3-9FB2-095C621B552D}" formFactor="1">
                    <parameters>
                      <datafieldname>mstelco_string</datafieldname>
                    </parameters>
                  </customControl>
                  <customControl formFactor="2" name="mstelco_PCFControls.DataFromMap">
                    <parameters>
                      <jsonMapData>mstelco_string</jsonMapData>
                    </parameters>
                  </customControl>
                </controlDescription>
              </controlDescriptions>
              <header id="{bff761fa-dd05-4552-8f81-33d7ab085099}" celllabelposition="Top" columns="111" labelwidth="115" celllabelalignment="Left">
                <rows>
                  <row>
                    <cell id="{1e5fb2f1-f3ba-465a-b8c1-5cadc4052440}" ordinalvalue="10000" solutionaction="Added">
                      <labels>
                        <label description="" languagecode="1033" />
                      </labels>
                    </cell>
                    <cell id="{2458200a-9706-4bb3-ad81-f1c9a2a806e6}" ordinalvalue="20001" solutionaction="Added">
                      <labels>
                        <label description="" languagecode="1033" />
                      </labels>
                    </cell>
                    <cell id="{c34dc13d-7abe-4a8d-8ebf-d66d7f625dfe}" ordinalvalue="30002" solutionaction="Added">
                      <labels>
                        <label description="" languagecode="1033" />
                      </labels>
                    </cell>
                  </row>
                </rows>
              </header>
              <footer id="{3fb106d7-826e-413d-baa8-e9f8b8027883}" celllabelposition="Top" columns="111" labelwidth="115" celllabelalignment="Left">
                <rows>
                  <row>
                    <cell id="{54cb6d57-9dc8-4198-948c-ebbbebd238b9}" ordinalvalue="10000" solutionaction="Added">
                      <labels>
                        <label description="" languagecode="1033" />
                      </labels>
                    </cell>
                    <cell id="{2802855d-de04-45f3-9b05-16292f3a6b5a}" ordinalvalue="20001" solutionaction="Added">
                      <labels>
                        <label description="" languagecode="1033" />
                      </labels>
                    </cell>
                    <cell id="{ffa9ed3f-9dab-463d-b7ff-0f9224d1ce62}" ordinalvalue="30002" solutionaction="Added">
                      <labels>
                        <label description="" languagecode="1033" />
                      </labels>
                    </cell>
                  </row>
                </rows>
              </footer>
            </form>
            <LocalizedNames>
              <LocalizedName description="Information" languagecode="1033" />
            </LocalizedNames>
            <Descriptions>
              <Description description="A form for this entity." languagecode="1033" />
            </Descriptions>
          </systemform>
        </forms>
      </FormXml>
      <Visualizations>
        <visualization>
          <savedqueryvisualizationid>{8347671B-F22B-EC11-B6E5-00224821C18C}</savedqueryvisualizationid>
          <datadescription>
            <datadefinition>
              <fetchcollection>
                <fetch mapping="logical" aggregate="true">
                  <entity name="mstelco_networkresource">
                    <attribute name="mstelco_servicestatus" groupby="true" alias="_CRMAutoGen_groupby_column_Num_0" />
                    <attribute name="mstelco_code" aggregate="count" alias="_CRMAutoGen_aggregate_column_Num_0" />
                  </entity>
                </fetch>
              </fetchcollection>
              <categorycollection>
                <category alias="_CRMAutoGen_groupby_column_Num_0">
                  <measurecollection>
                    <measure alias="_CRMAutoGen_aggregate_column_Num_0" />
                  </measurecollection>
                </category>
              </categorycollection>
            </datadefinition>
          </datadescription>
          <presentationdescription>
            <Chart Palette="None" PaletteCustomColors="91,151,213; 213,112,44; 160,116,166; 178,134,0; 68,114,196; 90,139,56; 37,94,145; 158,72,14; 117,55,125; 153,115,0; 38,68,120; 67,104,43; 86,122,154; 192,120,72; 167,129,172; 178,143,35; 105,142,208; 112,154,83; 50,125,194; 210,96,18; 150,83,159; 183,138,0; 51,90,161; 90,138,57;">
              <Series>
                <Series ChartType="Column" IsValueShownAsLabel="True" Font="{0}, 9.5px" LabelForeColor="59, 59, 59" CustomProperties="PointWidth=0.75, MaxPixelPointWidth=40" />
              </Series>
              <ChartAreas>
                <ChartArea BorderColor="White" BorderDashStyle="Solid">
                  <AxisY LabelAutoFitMinFontSize="8" TitleForeColor="59, 59, 59" TitleFont="{0}, 10.5px" LineColor="165, 172, 181" IntervalAutoMode="VariableCount">
                    <MajorGrid LineColor="239, 242, 246" />
                    <MajorTickMark LineColor="165, 172, 181" />
                    <LabelStyle Font="{0}, 10.5px" ForeColor="59, 59, 59" />
                  </AxisY>
                  <AxisX LabelAutoFitMinFontSize="8" TitleForeColor="59, 59, 59" TitleFont="{0}, 10.5px" LineColor="165, 172, 181" IntervalAutoMode="VariableCount">
                    <MajorTickMark LineColor="165, 172, 181" />
                    <MajorGrid LineColor="Transparent" />
                    <LabelStyle Font="{0}, 10.5px" ForeColor="59, 59, 59" />
                  </AxisX>
                </ChartArea>
              </ChartAreas>
              <Titles>
                <Title Alignment="TopLeft" DockingOffset="-3" Font="{0}, 13px" ForeColor="59, 59, 59" />
              </Titles>
            </Chart>
          </presentationdescription>
          <isdefault>0</isdefault>
          <LocalizedNames>
            <LocalizedName description="Network Resources by Service Status" languagecode="1033" />
          </LocalizedNames>
          <IsCustomizable>1</IsCustomizable>
          <IntroducedVersion>1.0.0.0</IntroducedVersion>
          <CanBeDeleted>1</CanBeDeleted>
        </visualization>
        <visualization>
          <savedqueryvisualizationid>{44FEC0C9-F22B-EC11-B6E5-00224821C18C}</savedqueryvisualizationid>
          <datadescription>
            <datadefinition>
              <fetchcollection>
                <fetch mapping="logical" aggregate="true">
                  <entity name="mstelco_networkresource">
                    <attribute name="mstelco_typeid" groupby="true" alias="_CRMAutoGen_groupby_column_Num_0" />
                    <attribute name="mstelco_code" aggregate="count" alias="_CRMAutoGen_aggregate_column_Num_0" />
                  </entity>
                </fetch>
              </fetchcollection>
              <categorycollection>
                <category alias="_CRMAutoGen_groupby_column_Num_0">
                  <measurecollection>
                    <measure alias="_CRMAutoGen_aggregate_column_Num_0" />
                  </measurecollection>
                </category>
              </categorycollection>
            </datadefinition>
          </datadescription>
          <presentationdescription>
            <Chart Palette="None" PaletteCustomColors="91,151,213; 213,112,44; 160,116,166; 178,134,0; 68,114,196; 90,139,56; 37,94,145; 158,72,14; 117,55,125; 153,115,0; 38,68,120; 67,104,43; 86,122,154; 192,120,72; 167,129,172; 178,143,35; 105,142,208; 112,154,83; 50,125,194; 210,96,18; 150,83,159; 183,138,0; 51,90,161; 90,138,57;">
              <Series>
                <Series ShadowOffset="0" IsValueShownAsLabel="True" Font="{0}, 9.5px" LabelForeColor="59, 59, 59" CustomProperties="PieLabelStyle=Inside, PieDrawingStyle=Default" ChartType="pie">
                  <SmartLabelStyle Enabled="True" />
                </Series>
              </Series>
              <ChartAreas>
                <ChartArea>
                  <Area3DStyle Enable3D="false" />
                </ChartArea>
              </ChartAreas>
              <Legends>
                <Legend Alignment="Center" LegendStyle="Table" Docking="right" IsEquallySpacedItems="True" Font="{0}, 11px" ShadowColor="0, 0, 0, 0" ForeColor="59, 59, 59" />
              </Legends>
              <Titles>
                <Title Alignment="TopLeft" DockingOffset="-3" Font="{0}, 13px" ForeColor="0, 0, 0" />
              </Titles>
            </Chart>
          </presentationdescription>
          <isdefault>0</isdefault>
          <LocalizedNames>
            <LocalizedName description="Network Resources By Type" languagecode="1033" />
          </LocalizedNames>
          <IsCustomizable>1</IsCustomizable>
          <IntroducedVersion>1.0.0.0</IntroducedVersion>
          <CanBeDeleted>1</CanBeDeleted>
        </visualization>
      </Visualizations>
      <RibbonDiffXml>
        <CustomActions />
        <Templates>
          <RibbonTemplates Id="Mscrm.Templates"></RibbonTemplates>
        </Templates>
        <CommandDefinitions />
        <RuleDefinitions>
          <TabDisplayRules />
          <DisplayRules />
          <EnableRules />
        </RuleDefinitions>
        <LocLabels />
      </RibbonDiffXml>
    </Entity>
    <Entity>
      <Name LocalizedName="Service Area" OriginalName="Service Area">mstelco_ServiceArea</Name>
      <FormXml>
        <forms type="main">
          <systemform>
            <formid>{afb00e07-3207-4811-8d38-4eda83b75c6f}</formid>
            <IntroducedVersion>1.0.0.0</IntroducedVersion>
            <FormPresentation>1</FormPresentation>
            <FormActivationState>1</FormActivationState>
            <form headerdensity="HighWithControls">
              <tabs>
                <tab verticallayout="true" id="{e76b1b49-42d6-4394-8cfb-8c7f63b4adf4}" IsUserDefined="1" name="tab_general" locklevel="0" expanded="true" showlabel="true" ordinalvalue="0">
                  <columns>
                    <column width="50%" id="1">
                      <sections>
                        <section name="section_mstelco_geographiclocation" showlabel="true" showbar="false" locklevel="0" id="{2667b3b8-1478-8a21-6706-dc92a7ecd73a}" IsUserDefined="0" layout="varwidth" columns="1" labelwidth="115" ordinalvalue="0">
                          <rows>
                            <row>
                              <cell id="{832c5add-065b-aebc-5c9e-976628e5dca3}" showlabel="false" locklevel="0" ordinalvalue="10001" solutionaction="Added">
                                <labels>
                                  <label description="Description" languagecode="1033" />
                                </labels>
                                <control id="mstelco_description" classid="{F9A8A302-114E-466A-B582-6771B2AE0D92}" datafieldname="mstelco_description" disabled="false" uniqueid="{1095aee7-a6b8-07e3-75cc-55d9c2606d4d}" />
                              </cell>
                            </row>
                          </rows>
                        </section>
                      </sections>
                    </column>
                  </columns>
                </tab>
              </tabs>
              <controlDescriptions>
                <controlDescription forControl="{1095aee7-a6b8-07e3-75cc-55d9c2606d4d}" solutionaction="Added">
                  <customControl id="{E0DECE4B-6FC8-4a8f-A065-082708572369}" formFactor="0">
                    <parameters>
                      <datafieldname>mstelco_description</datafieldname>
                    </parameters>
                  </customControl>
                  <customControl id="{E0DECE4B-6FC8-4a8f-A065-082708572369}" formFactor="1">
                    <parameters>
                      <datafieldname>mstelco_description</datafieldname>
                    </parameters>
                  </customControl>
                  <customControl formFactor="2" name="mstelco_PCFControls.DataFromMap">
                    <parameters>
                      <jsonMapData>mstelco_description</jsonMapData>
                    </parameters>
                  </customControl>
                </controlDescription>
              </controlDescriptions>
            </form>
            <LocalizedNames>
              <LocalizedName description="Information" languagecode="1033" />
            </LocalizedNames>
            <Descriptions>
              <Description description="A form for this entity." languagecode="1033" />
            </Descriptions>
          </systemform>
        </forms>
      </FormXml>
      <RibbonDiffXml>
        <CustomActions />
        <Templates>
          <RibbonTemplates Id="Mscrm.Templates"></RibbonTemplates>
        </Templates>
        <CommandDefinitions />
        <RuleDefinitions>
          <TabDisplayRules />
          <DisplayRules />
          <EnableRules />
        </RuleDefinitions>
        <LocLabels />
      </RibbonDiffXml>
    </Entity>
  </Entities>
  <Roles></Roles>
  <Workflows>
    <Workflow WorkflowId="{572c7ca6-3d43-ec11-8c62-000d3a9ddea2}" Name="FL -&gt; Create Maintenance Activities for Network Resource based on Maintenance Plans">
      <JsonFileName>/Workflows/FL-CreateMaintenanceActivitiesforNetworkResourceba-572C7CA6-3D43-EC11-8C62-000D3A9DDEA2.json</JsonFileName>
      <Type>1</Type>
      <Subprocess>0</Subprocess>
      <Category>5</Category>
      <Mode>0</Mode>
      <Scope>4</Scope>
      <OnDemand>0</OnDemand>
      <TriggerOnCreate>0</TriggerOnCreate>
      <TriggerOnDelete>0</TriggerOnDelete>
      <AsyncAutodelete>0</AsyncAutodelete>
      <SyncWorkflowLogOnFailure>0</SyncWorkflowLogOnFailure>
      <StateCode>1</StateCode>
      <StatusCode>2</StatusCode>
      <RunAs>1</RunAs>
      <IsTransacted>1</IsTransacted>
      <IntroducedVersion>1.0.0.21</IntroducedVersion>
      <IsCustomizable>1</IsCustomizable>
      <IsCustomProcessingStepAllowedForOtherPublishers>1</IsCustomProcessingStepAllowedForOtherPublishers>
      <PrimaryEntity>none</PrimaryEntity>
      <LocalizedNames>
        <LocalizedName languagecode="1033" description="FL -&gt; Create Maintenance Activities for Network Resource based on Maintenance Plans" />
      </LocalizedNames>
    </Workflow>
    <Workflow WorkflowId="{2cba5589-fd2b-ec11-b6e5-002248209a7b}" Name="FL -&gt; Update Next Scheduled Maintenance Activity Date on Network Resource">
      <JsonFileName>/Workflows/FL-UpdateNextScheduledMaintenanceActivityDateonNet-2CBA5589-FD2B-EC11-B6E5-002248209A7B.json</JsonFileName>
      <Type>1</Type>
      <Subprocess>0</Subprocess>
      <Category>5</Category>
      <Mode>0</Mode>
      <Scope>4</Scope>
      <OnDemand>0</OnDemand>
      <TriggerOnCreate>0</TriggerOnCreate>
      <TriggerOnDelete>0</TriggerOnDelete>
      <AsyncAutodelete>0</AsyncAutodelete>
      <SyncWorkflowLogOnFailure>0</SyncWorkflowLogOnFailure>
      <StateCode>1</StateCode>
      <StatusCode>2</StatusCode>
      <RunAs>1</RunAs>
      <IsTransacted>1</IsTransacted>
      <IntroducedVersion>1.0.0.0</IntroducedVersion>
      <IsCustomizable>1</IsCustomizable>
      <IsCustomProcessingStepAllowedForOtherPublishers>1</IsCustomProcessingStepAllowedForOtherPublishers>
      <PrimaryEntity>none</PrimaryEntity>
      <LocalizedNames>
        <LocalizedName languagecode="1033" description="FL -&gt; Update Next Scheduled Maintenance Activity Date on Network Resource" />
      </LocalizedNames>
    </Workflow>
    <Workflow WorkflowId="{f5f5383e-002c-ec11-b6e5-002248209a7b}" Name="FL -&gt; Update Last Maintenance Activity Date on Network Resource">
      <JsonFileName>/Workflows/FL-UpdateLastMaintenanceActivityDateonNetworkResou-F5F5383E-002C-EC11-B6E5-002248209A7B.json</JsonFileName>
      <Type>1</Type>
      <Subprocess>0</Subprocess>
      <Category>5</Category>
      <Mode>0</Mode>
      <Scope>4</Scope>
      <OnDemand>0</OnDemand>
      <TriggerOnCreate>0</TriggerOnCreate>
      <TriggerOnDelete>0</TriggerOnDelete>
      <AsyncAutodelete>0</AsyncAutodelete>
      <SyncWorkflowLogOnFailure>0</SyncWorkflowLogOnFailure>
      <StateCode>1</StateCode>
      <StatusCode>2</StatusCode>
      <RunAs>1</RunAs>
      <IsTransacted>1</IsTransacted>
      <IntroducedVersion>1.0.0.0</IntroducedVersion>
      <IsCustomizable>1</IsCustomizable>
      <IsCustomProcessingStepAllowedForOtherPublishers>1</IsCustomProcessingStepAllowedForOtherPublishers>
      <PrimaryEntity>none</PrimaryEntity>
      <LocalizedNames>
        <LocalizedName languagecode="1033" description="FL -&gt; Update Last Maintenance Activity Date on Network Resource" />
      </LocalizedNames>
    </Workflow>
    <Workflow WorkflowId="{504cc869-4032-ec11-b6e5-00224826dca3}" Name="FL -&gt; Auto Create Maintenance Activities for Network Resources">
      <JsonFileName>/Workflows/FL-AutoCreateMaintenanceActivitiesforNetworkResour-504CC869-4032-EC11-B6E5-00224826DCA3.json</JsonFileName>
      <Type>1</Type>
      <Subprocess>0</Subprocess>
      <Category>5</Category>
      <Mode>0</Mode>
      <Scope>4</Scope>
      <OnDemand>0</OnDemand>
      <TriggerOnCreate>0</TriggerOnCreate>
      <TriggerOnDelete>0</TriggerOnDelete>
      <AsyncAutodelete>0</AsyncAutodelete>
      <SyncWorkflowLogOnFailure>0</SyncWorkflowLogOnFailure>
      <StateCode>0</StateCode>
      <StatusCode>1</StatusCode>
      <RunAs>1</RunAs>
      <IsTransacted>1</IsTransacted>
      <IntroducedVersion>1.0.0.4</IntroducedVersion>
      <IsCustomizable>1</IsCustomizable>
      <IsCustomProcessingStepAllowedForOtherPublishers>1</IsCustomProcessingStepAllowedForOtherPublishers>
      <PrimaryEntity>none</PrimaryEntity>
      <LocalizedNames>
        <LocalizedName languagecode="1033" description="FL -&gt; Auto Create Maintenance Activities for Network Resources" />
      </LocalizedNames>
    </Workflow>
  </Workflows>
  <FieldSecurityProfiles></FieldSecurityProfiles>
  <Templates />
  <EntityMaps />
  <EntityRelationships />
  <OrganizationSettings />
  <optionsets />
  <Dashboards>
    <Dashboard>
      <LocalizedNames>
        <LocalizedName description="Telco Plant Maintenance" languagecode="1033" />
      </LocalizedNames>
      <FormId>{9dd0eb6d-ff27-ec11-b6e5-000d3a9e8520}</FormId>
      <IsCustomizable>1</IsCustomizable>
      <IsDefault>0</IsDefault>
      <FormXml>
        <forms type="dashboard">
          <form>
            <tabs>
              <tab showlabel="false" verticallayout="true" id="{98f93bc6-959a-401a-9bd6-f9399a7aa7e5}">
                <labels>
                  <label description="Tab" languagecode="1033" />
                </labels>
                <columns>
                  <column width="100%">
                    <sections>
                      <section showlabel="false" showbar="false" columns="1111" id="{3e9e7b4c-0e76-4c3e-8cdf-908b54f56514}">
                        <labels>
                          <label description="Section" languagecode="1033" />
                        </labels>
                        <rows>
                          <row>
                            <cell colspan="1" rowspan="12" showlabel="false" id="{a53bd7ff-9352-406e-b03e-5644eb1375b8}" auto="false">
                              <labels>
                                <label description="Network Resources" languagecode="1033" />
                              </labels>
                              <control id="NewtorkResourceByType" uniqueid="{0cc0e6d4-0990-2662-d78e-433e1c8d01c6}" classid="{E7A81278-8635-4d9e-8D4D-59480B391C5B}" indicationOfSubgrid="true">
                                <parameters>
                                  <TargetEntityType>mstelco_networkresource</TargetEntityType>
                                  <ChartGridMode>Chart</ChartGridMode>
                                  <EnableQuickFind>false</EnableQuickFind>
                                  <EnableViewPicker>false</EnableViewPicker>
                                  <EnableJumpBar>false</EnableJumpBar>
                                  <RecordsPerPage>12</RecordsPerPage>
                                  <HeaderColorCode>#F3F3F3</HeaderColorCode>
                                  <ViewId>{6C0BBFB7-FF00-4BAB-BA69-AD2F64D1074B}</ViewId>
                                  <IsUserView>false</IsUserView>
                                  <ViewIds>{6C0BBFB7-FF00-4BAB-BA69-AD2F64D1074B}</ViewIds>
                                  <AutoExpand>Fixed</AutoExpand>
                                  <VisualizationId>{44FEC0C9-F22B-EC11-B6E5-00224821C18C}</VisualizationId>
                                  <IsUserChart>false</IsUserChart>
                                  <EnableChartPicker>false</EnableChartPicker>
                                  <RelationshipName />
                                </parameters>
                              </control>
                            </cell>
                            <cell colspan="2" rowspan="12" showlabel="false" id="{d00558a1-a200-4558-9b3b-131731c972cc}" auto="false">
                              <labels>
                                <label description="Network Resources" languagecode="1033" />
                              </labels>
                              <control id="NewtorkResourceByServiceStatus" uniqueid="{ca68aa2d-8b32-1006-00b3-dcb7306b5a64}" classid="{E7A81278-8635-4d9e-8D4D-59480B391C5B}" indicationOfSubgrid="true">
                                <parameters>
                                  <TargetEntityType>mstelco_networkresource</TargetEntityType>
                                  <ChartGridMode>Chart</ChartGridMode>
                                  <EnableQuickFind>false</EnableQuickFind>
                                  <EnableViewPicker>false</EnableViewPicker>
                                  <EnableJumpBar>false</EnableJumpBar>
                                  <RecordsPerPage>12</RecordsPerPage>
                                  <HeaderColorCode>#F3F3F3</HeaderColorCode>
                                  <ViewId>{6C0BBFB7-FF00-4BAB-BA69-AD2F64D1074B}</ViewId>
                                  <IsUserView>false</IsUserView>
                                  <ViewIds>{6C0BBFB7-FF00-4BAB-BA69-AD2F64D1074B}</ViewIds>
                                  <AutoExpand>Fixed</AutoExpand>
                                  <VisualizationId>{8347671B-F22B-EC11-B6E5-00224821C18C}</VisualizationId>
                                  <IsUserChart>false</IsUserChart>
                                  <EnableChartPicker>false</EnableChartPicker>
                                  <RelationshipName />
                                </parameters>
                              </control>
                            </cell>
                            <cell colspan="1" rowspan="12" showlabel="false" id="{e49cc687-0a31-43f3-ab78-5eb9e6c56422}" auto="false">
                              <labels>
                                <label description="Network Resources" languagecode="1033" />
                              </labels>
                              <control id="MaintenanceActivitiesByStatus" uniqueid="{04402b40-508d-ad45-79bd-0e85845a9681}" classid="{E7A81278-8635-4d9e-8D4D-59480B391C5B}" indicationOfSubgrid="true">
                                <parameters>
                                  <TargetEntityType>mstelco_maintenanceactivity</TargetEntityType>
                                  <ChartGridMode>Chart</ChartGridMode>
                                  <EnableQuickFind>false</EnableQuickFind>
                                  <EnableViewPicker>false</EnableViewPicker>
                                  <EnableJumpBar>false</EnableJumpBar>
                                  <RecordsPerPage>12</RecordsPerPage>
                                  <HeaderColorCode>#F3F3F3</HeaderColorCode>
                                  <ViewId>{47E98CAD-BA78-46DC-92DA-28B1F0039AA4}</ViewId>
                                  <IsUserView>false</IsUserView>
                                  <ViewIds>{47E98CAD-BA78-46DC-92DA-28B1F0039AA4}</ViewIds>
                                  <AutoExpand>Fixed</AutoExpand>
                                  <VisualizationId>{75BEE548-ED2B-EC11-B6E5-00224821C18C}</VisualizationId>
                                  <IsUserChart>false</IsUserChart>
                                  <EnableChartPicker>false</EnableChartPicker>
                                  <RelationshipName />
                                </parameters>
                              </control>
                            </cell>
                          </row>
                          <row />
                          <row />
                          <row />
                          <row />
                          <row />
                          <row />
                          <row />
                          <row />
                          <row />
                          <row />
                          <row />
                          <row>
                            <cell colspan="2" rowspan="12" showlabel="true" id="{d0c18302-b926-49cb-a8e8-285ac9616630}" auto="false">
                              <labels>
                                <label description="Open Maintenance Activities" languagecode="1033" />
                              </labels>
                              <control id="OpenMaintenanceActivities" uniqueid="{255d3b98-39e0-4e9a-a246-480b3e4c3acd}" classid="{E7A81278-8635-4d9e-8D4D-59480B391C5B}" indicationOfSubgrid="true">
                                <parameters>
                                  <TargetEntityType>mstelco_maintenanceactivity</TargetEntityType>
                                  <ChartGridMode>Grid</ChartGridMode>
                                  <EnableQuickFind>false</EnableQuickFind>
                                  <EnableViewPicker>false</EnableViewPicker>
                                  <EnableJumpBar>false</EnableJumpBar>
                                  <RecordsPerPage>9</RecordsPerPage>
                                  <HeaderColorCode>#F3F3F3</HeaderColorCode>
                                  <ViewId>{A12D4F28-C431-EC11-B6E5-00224826DCA3}</ViewId>
                                  <IsUserView>false</IsUserView>
                                  <ViewIds>{47E98CAD-BA78-46DC-92DA-28B1F0039AA4},{A12D4F28-C431-EC11-B6E5-00224826DCA3}</ViewIds>
                                  <AutoExpand>Fixed</AutoExpand>
                                  <VisualizationId>{75BEE548-ED2B-EC11-B6E5-00224821C18C}</VisualizationId>
                                  <IsUserChart>false</IsUserChart>
                                  <EnableChartPicker>false</EnableChartPicker>
                                  <RelationshipName />
                                </parameters>
                              </control>
                            </cell>
                            <cell colspan="2" rowspan="12" showlabel="true" id="{0787508b-0c6f-4916-a9c9-e76ebd36b672}" auto="false">
                              <labels>
                                <label description="Closed Maintenance Activities" languagecode="1033" />
                              </labels>
                              <control id="ClosedMaintenanceActivities" uniqueid="{bdcc076d-beb9-483d-6c04-e64d8e7cce1b}" classid="{E7A81278-8635-4d9e-8D4D-59480B391C5B}" indicationOfSubgrid="true">
                                <parameters>
                                  <TargetEntityType>mstelco_maintenanceactivity</TargetEntityType>
                                  <ChartGridMode>Grid</ChartGridMode>
                                  <EnableQuickFind>false</EnableQuickFind>
                                  <EnableViewPicker>false</EnableViewPicker>
                                  <EnableJumpBar>false</EnableJumpBar>
                                  <RecordsPerPage>9</RecordsPerPage>
                                  <HeaderColorCode>#F3F3F3</HeaderColorCode>
                                  <ViewId>{403A0FBB-9FEE-4CA8-938C-CC05D9840A81}</ViewId>
                                  <IsUserView>false</IsUserView>
                                  <ViewIds>{403A0FBB-9FEE-4CA8-938C-CC05D9840A81},{47E98CAD-BA78-46DC-92DA-28B1F0039AA4}</ViewIds>
                                  <AutoExpand>Fixed</AutoExpand>
                                  <VisualizationId>{75BEE548-ED2B-EC11-B6E5-00224821C18C}</VisualizationId>
                                  <IsUserChart>false</IsUserChart>
                                  <EnableChartPicker>false</EnableChartPicker>
                                  <RelationshipName />
                                </parameters>
                              </control>
                            </cell>
                          </row>
                          <row />
                          <row />
                          <row />
                          <row />
                          <row />
                          <row />
                          <row />
                          <row />
                          <row />
                          <row />
                          <row />
                        </rows>
                      </section>
                    </sections>
                  </column>
                </columns>
              </tab>
            </tabs>
            <controlDescriptions />
          </form>
        </forms>
      </FormXml>
      <IntroducedVersion>1.0.0.0</IntroducedVersion>
      <IsTabletEnabled>0</IsTabletEnabled>
    </Dashboard>
  </Dashboards>
  <WebResources>
    <WebResource>
      <WebResourceId>{4b4f0d38-0b37-ec11-b6e6-000d3a1bf16f}</WebResourceId>
      <Name>mstelco_PlantMaintenanceAppIconSVG</Name>
      <DisplayName>Plant Maintenance App Icon SVG</DisplayName>
      <WebResourceType>11</WebResourceType>
      <IntroducedVersion>1.0.0.7</IntroducedVersion>
      <IsEnabledForMobileClient>0</IsEnabledForMobileClient>
      <IsAvailableForMobileOffline>0</IsAvailableForMobileOffline>
      <IsCustomizable>1</IsCustomizable>
      <CanBeDeleted>1</CanBeDeleted>
      <IsHidden>0</IsHidden>
      <FileName>/WebResources/mstelco_PlantMaintenanceAppIconSVG4B4F0D38-0B37-EC11-B6E6-000D3A1BF16F</FileName>
    </WebResource>
    <WebResource>
      <WebResourceId>{516326ce-3052-ec11-8c62-00224804e564}</WebResourceId>
      <Name>mstelco_MaintenanceCalendar.svg</Name>
      <DisplayName>Maintenance Calendar SVG</DisplayName>
      <WebResourceType>11</WebResourceType>
      <IntroducedVersion>2.1.0.3</IntroducedVersion>
      <IsEnabledForMobileClient>0</IsEnabledForMobileClient>
      <IsAvailableForMobileOffline>0</IsAvailableForMobileOffline>
      <IsCustomizable>1</IsCustomizable>
      <CanBeDeleted>1</CanBeDeleted>
      <IsHidden>0</IsHidden>
      <FileName>/WebResources/mstelco_MaintenanceCalendarsvg516326CE-3052-EC11-8C62-00224804E564</FileName>
    </WebResource>
  </WebResources>
  <CustomControls>
    <CustomControl>
      <Name>mstelco_PCFControls.DataFromMap</Name>
      <FileName>/Controls/mstelco_PCFControls.DataFromMap/ControlManifest.xml</FileName>
    </CustomControl>
  </CustomControls>
  <AppModuleSiteMaps>
    <AppModuleSiteMap>
      <SiteMapUniqueName>mstelco_PlantMaintenance</SiteMapUniqueName>
      <EnableCollapsibleGroups>False</EnableCollapsibleGroups>
      <ShowHome>True</ShowHome>
      <ShowPinned>True</ShowPinned>
      <ShowRecents>True</ShowRecents>
      <SiteMap IntroducedVersion="7.0.0.0">
        <Area Id="mstelco_Area_PlantMaintenance" ResourceId="SitemapDesigner.NewArea" DescriptionResourceId="SitemapDesigner.NewArea" ShowGroups="true" IntroducedVersion="7.0.0.0">
          <Titles>
            <Title LCID="1033" Title="Plant Maintenance" />
          </Titles>
          <Group Id="mstelco_Group_Dashboards" ResourceId="SitemapDesigner.NewGroup" DescriptionResourceId="SitemapDesigner.NewGroup" IntroducedVersion="7.0.0.0" IsProfile="false" ToolTipResourseId="SitemapDesigner.Unknown">
            <Titles>
              <Title LCID="1033" Title="Dashboards" />
            </Titles>
            <SubArea Id="mstelco_SubArea_Dashboards" ResourceId="Homepage_Dashboards" DescriptionResourceId="Dashboards_Description" Icon="/_imgs/imagestrips/transparent_spacer.gif" Url="/workplace/home_dashboards.aspx" DefaultDashboard="9dd0eb6d-ff27-ec11-b6e5-000d3a9e8520" IntroducedVersion="7.0.0.0" Client="All,Outlook,OutlookLaptopClient,OutlookWorkstationClient,Web" AvailableOffline="true" PassParams="false" Sku="All,OnPremise,Live,SPLA">
              <Titles>
                <Title LCID="1033" Title="Dashboards" />
              </Titles>
            </SubArea>
          </Group>
          <Group Id="mstelco_Group_MaintenanceScheduling" ResourceId="SitemapDesigner.NewGroup" IsProfile="false" ToolTipResourseId="SitemapDesigner.Unknown">
            <Titles>
              <Title LCID="1033" Title="Maintenance Scheduling" />
            </Titles>
            <SubArea Id="mstelco_SubArea_MaintenanceTypes" VectorIcon="/WebResources/mstelco_MaintenanceTypeSVG" Entity="mstelco_maintenancetype" Client="All,Outlook,OutlookLaptopClient,OutlookWorkstationClient,Web" AvailableOffline="true" PassParams="false" Sku="All,OnPremise,Live,SPLA">
              <Titles>
                <Title LCID="1033" Title="Maintenance Types" />
              </Titles>
            </SubArea>
            <SubArea Id="mstelco_SubArea_MaintenancePlans" VectorIcon="/WebResources/mstelco_MaintenancePlan.svg" Entity="mstelco_maintenanceplan" Client="All,Outlook,OutlookLaptopClient,OutlookWorkstationClient,Web" AvailableOffline="true" PassParams="false" Sku="All,OnPremise,Live,SPLA">
              <Titles>
                <Title LCID="1033" Title="Maintenance Plans" />
              </Titles>
            </SubArea>
            <SubArea Id="mstelco_SubArea_Activities" VectorIcon="/WebResources/mstelco_MaintenanceActivity.svg" Entity="mstelco_maintenanceactivity" Client="All,Outlook,OutlookLaptopClient,OutlookWorkstationClient,Web" AvailableOffline="true" PassParams="false" Sku="All,OnPremise,Live,SPLA">
              <Titles>
                <Title LCID="1033" Title="Maintenance Activities" />
              </Titles>
            </SubArea>
            <SubArea Id="mstelco_SubArea_Calendar" ResourceId="SitemapDesigner.NewSubArea" VectorIcon="/WebResources/mstelco_MaintenanceCalendar.svg" Icon="/WebResources/mstelco_MaintenanceCalendar.svg" Url="/main.aspx?&amp;pagetype=entitylist&amp;etn=mstelco_maintenanceactivity&amp;viewid=78cd9b07-b42c-ec11-b6e5-002248209a7b&amp;viewType=1039" Client="All,Outlook,OutlookLaptopClient,OutlookWorkstationClient,Web" AvailableOffline="true" PassParams="false" Sku="All,OnPremise,Live,SPLA">
              <Titles>
                <Title LCID="1033" Title="Calendar" />
              </Titles>
            </SubArea>
          </Group>
          <Group Id="mstelco_Group_ResourceManagement" ResourceId="SitemapDesigner.NewGroup" IsProfile="false" ToolTipResourseId="SitemapDesigner.Unknown">
            <Titles>
              <Title LCID="1033" Title="Resource Management" />
            </Titles>
            <SubArea Id="mstelco_SubArea_Resources" Entity="mstelco_networkresource" Client="All,Outlook,OutlookLaptopClient,OutlookWorkstationClient,Web" AvailableOffline="true" PassParams="false" Sku="All,OnPremise,Live,SPLA">
              <Titles>
                <Title LCID="1033" Title="Resources" />
              </Titles>
            </SubArea>
            <SubArea Id="mstelco_SubArea_ResourceTypes" Entity="mstelco_networkresourcetype" Client="All,Outlook,OutlookLaptopClient,OutlookWorkstationClient,Web" AvailableOffline="true" PassParams="false" Sku="All,OnPremise,Live,SPLA">
              <Titles>
                <Title LCID="1033" Title="Resource Types" />
              </Titles>
            </SubArea>
          </Group>
          <Group Id="mstelco_Group_NetworkManagement" ResourceId="SitemapDesigner.NewGroup" IsProfile="false" ToolTipResourseId="SitemapDesigner.Unknown">
            <Titles>
              <Title LCID="1033" Title="Network Management" />
            </Titles>
            <SubArea Id="mstelco_SubArea_Networks" Entity="mstelco_network" Client="All,Outlook,OutlookLaptopClient,OutlookWorkstationClient,Web" AvailableOffline="true" PassParams="false" Sku="All,OnPremise,Live,SPLA">
              <Titles>
                <Title LCID="1033" Title="Networks" />
              </Titles>
            </SubArea>
            <SubArea Id="mstelco_SubArea_Zones" Entity="mstelco_networkzone" Client="All,Outlook,OutlookLaptopClient,OutlookWorkstationClient,Web" AvailableOffline="true" PassParams="false" Sku="All,OnPremise,Live,SPLA">
              <Titles>
                <Title LCID="1033" Title="Zones" />
              </Titles>
            </SubArea>
            <SubArea Id="mstelco_SubArea_ServiceAreas" Entity="mstelco_servicearea" Client="All,Outlook,OutlookLaptopClient,OutlookWorkstationClient,Web" AvailableOffline="true" PassParams="false" Sku="All,OnPremise,Live,SPLA">
              <Titles>
                <Title LCID="1033" Title="Service Areas" />
              </Titles>
            </SubArea>
            <SubArea Id="mstelco_SubArea_NOCs" Entity="mstelco_networkoperatingcenter" Client="All,Outlook,OutlookLaptopClient,OutlookWorkstationClient,Web" AvailableOffline="true" PassParams="false" Sku="All,OnPremise,Live,SPLA">
              <Titles>
                <Title LCID="1033" Title="NOCs" />
              </Titles>
            </SubArea>
          </Group>
        </Area>
      </SiteMap>
      <LocalizedNames>
        <LocalizedName description="Plant Maintenance" languagecode="1033" />
      </LocalizedNames>
    </AppModuleSiteMap>
  </AppModuleSiteMaps>
  <AppModules>
    <AppModule>
      <UniqueName>mstelco_PlantMaintenance</UniqueName>
      <IntroducedVersion>1.0.0.0</IntroducedVersion>
      <WebResourceId>4b4f0d38-0b37-ec11-b6e6-000d3a1bf16f</WebResourceId>
      <OptimizedFor></OptimizedFor>
      <statecode>0</statecode>
      <statuscode>1</statuscode>
      <FormFactor>1</FormFactor>
      <ClientType>4</ClientType>
      <NavigationType>0</NavigationType>
      <AppModuleComponents>
        <AppModuleComponent type="62" schemaName="mstelco_PlantMaintenance" />
        <AppModuleComponent type="60" id="{9dd0eb6d-ff27-ec11-b6e5-000d3a9e8520}" />
        <AppModuleComponent type="1" schemaName="activitypointer" />
        <AppModuleComponent type="1" schemaName="mstelco_maintenanceactivity" />
        <AppModuleComponent type="1" schemaName="mstelco_maintenanceplan" />
        <AppModuleComponent type="1" schemaName="mstelco_maintenanceplannetworkresource" />
        <AppModuleComponent type="1" schemaName="mstelco_maintenancetype" />
        <AppModuleComponent type="1" schemaName="mstelco_network" />
        <AppModuleComponent type="1" schemaName="mstelco_networkoperatingcenter" />
        <AppModuleComponent type="1" schemaName="mstelco_networkresource" />
        <AppModuleComponent type="1" schemaName="mstelco_networkresourcetype" />
        <AppModuleComponent type="1" schemaName="mstelco_networkzone" />
        <AppModuleComponent type="1" schemaName="mstelco_servicearea" />
      </AppModuleComponents>
      <AppModuleRoleMaps>
        <Role id="{627090ff-40a3-4053-8790-584edc5be201}" />
        <Role id="{119f245c-3cc8-4b62-b31c-d1a046ced15d}" />
      </AppModuleRoleMaps>
      <LocalizedNames>
        <LocalizedName description="Plant Maintenance" languagecode="1033" />
      </LocalizedNames>
      <Descriptions>
        <Description description="Plant Maintenance" languagecode="1033" />
      </Descriptions>
    </AppModule>
  </AppModules>
  <EntityDataProviders />
  <connectionreferences>
    <connectionreference connectionreferencelogicalname="mstelco_sharedcommondataserviceforapps_0c5c8">
      <connectionreferencedisplayname>Microsoft Dataverse</connectionreferencedisplayname>
      <connectorid>/providers/Microsoft.PowerApps/apis/shared_commondataserviceforapps</connectorid>
      <iscustomizable>1</iscustomizable>
      <statecode>0</statecode>
      <statuscode>1</statuscode>
    </connectionreference>
  </connectionreferences>
  <Languages>
    <Language>1033</Language>
  </Languages>
</ImportExportXml>