﻿<?xml version="1.0" encoding="utf-8"?>
<ImportExportXml version="9.2.21122.157" SolutionPackageVersion="9.2" languagecode="1033" generatedBy="CrmLive" xmlns:xsi="http://www.w3.org/2001/XMLSchema-instance">
  <SolutionManifest>
    <UniqueName>TelcoPlantMaintenanceCDM</UniqueName>
    <LocalizedNames>
      <LocalizedName description="Telco Plant Maintenance CDM" languagecode="1033" />
    </LocalizedNames>
    <Descriptions />
    <Version>2.0.3.16</Version>
    <Managed>1</Managed>
    <Publisher>
      <UniqueName>microsoftdynamics365telco</UniqueName>
      <LocalizedNames>
        <LocalizedName description="Microsoft Dynamics 365 Telco" languagecode="1033" />
      </LocalizedNames>
      <Descriptions />
      <EMailAddress xsi:nil="true"></EMailAddress>
      <SupportingWebsiteUrl xsi:nil="true"></SupportingWebsiteUrl>
      <CustomizationPrefix>mstelco</CustomizationPrefix>
      <CustomizationOptionValuePrefix>71983</CustomizationOptionValuePrefix>
      <Addresses>
        <Address>
          <AddressNumber>1</AddressNumber>
          <AddressTypeCode>1</AddressTypeCode>
          <City xsi:nil="true"></City>
          <County xsi:nil="true"></County>
          <Country xsi:nil="true"></Country>
          <Fax xsi:nil="true"></Fax>
          <FreightTermsCode xsi:nil="true"></FreightTermsCode>
          <ImportSequenceNumber xsi:nil="true"></ImportSequenceNumber>
          <Latitude xsi:nil="true"></Latitude>
          <Line1 xsi:nil="true"></Line1>
          <Line2 xsi:nil="true"></Line2>
          <Line3 xsi:nil="true"></Line3>
          <Longitude xsi:nil="true"></Longitude>
          <Name xsi:nil="true"></Name>
          <PostalCode xsi:nil="true"></PostalCode>
          <PostOfficeBox xsi:nil="true"></PostOfficeBox>
          <PrimaryContactName xsi:nil="true"></PrimaryContactName>
          <ShippingMethodCode>1</ShippingMethodCode>
          <StateOrProvince xsi:nil="true"></StateOrProvince>
          <Telephone1 xsi:nil="true"></Telephone1>
          <Telephone2 xsi:nil="true"></Telephone2>
          <Telephone3 xsi:nil="true"></Telephone3>
          <TimeZoneRuleVersionNumber xsi:nil="true"></TimeZoneRuleVersionNumber>
          <UPSZone xsi:nil="true"></UPSZone>
          <UTCOffset xsi:nil="true"></UTCOffset>
          <UTCConversionTimeZoneCode xsi:nil="true"></UTCConversionTimeZoneCode>
        </Address>
        <Address>
          <AddressNumber>2</AddressNumber>
          <AddressTypeCode>1</AddressTypeCode>
          <City xsi:nil="true"></City>
          <County xsi:nil="true"></County>
          <Country xsi:nil="true"></Country>
          <Fax xsi:nil="true"></Fax>
          <FreightTermsCode xsi:nil="true"></FreightTermsCode>
          <ImportSequenceNumber xsi:nil="true"></ImportSequenceNumber>
          <Latitude xsi:nil="true"></Latitude>
          <Line1 xsi:nil="true"></Line1>
          <Line2 xsi:nil="true"></Line2>
          <Line3 xsi:nil="true"></Line3>
          <Longitude xsi:nil="true"></Longitude>
          <Name xsi:nil="true"></Name>
          <PostalCode xsi:nil="true"></PostalCode>
          <PostOfficeBox xsi:nil="true"></PostOfficeBox>
          <PrimaryContactName xsi:nil="true"></PrimaryContactName>
          <ShippingMethodCode>1</ShippingMethodCode>
          <StateOrProvince xsi:nil="true"></StateOrProvince>
          <Telephone1 xsi:nil="true"></Telephone1>
          <Telephone2 xsi:nil="true"></Telephone2>
          <Telephone3 xsi:nil="true"></Telephone3>
          <TimeZoneRuleVersionNumber xsi:nil="true"></TimeZoneRuleVersionNumber>
          <UPSZone xsi:nil="true"></UPSZone>
          <UTCOffset xsi:nil="true"></UTCOffset>
          <UTCConversionTimeZoneCode xsi:nil="true"></UTCConversionTimeZoneCode>
        </Address>
      </Addresses>
    </Publisher>
    <RootComponents>
      <RootComponent type="1" schemaName="mstelco_maintenanceactivity" behavior="0" />
      <RootComponent type="1" schemaName="mstelco_maintenanceplan" behavior="0" />
      <RootComponent type="1" schemaName="mstelco_maintenanceplannetworkresource" behavior="0" />
      <RootComponent type="1" schemaName="mstelco_maintenancetype" behavior="0" />
      <RootComponent type="1" schemaName="mstelco_networkresource" behavior="2" />
      <RootComponent type="9" schemaName="mstelco_maintenancecategory" behavior="0" />
      <RootComponent type="9" schemaName="mstelco_recurrencefrequency" behavior="0" />
      <RootComponent type="61" schemaName="mstelco_MaintenanceActivity.svg" behavior="0" />
      <RootComponent type="61" schemaName="mstelco_MaintenanceActivity16.png" behavior="0" />
      <RootComponent type="61" schemaName="mstelco_MaintenanceActivity32.png" behavior="0" />
      <RootComponent type="61" schemaName="mstelco_MaintenancePlan.svg" behavior="0" />
      <RootComponent type="61" schemaName="mstelco_MaintenancePlan16.png" behavior="0" />
      <RootComponent type="61" schemaName="mstelco_MaintenancePlan32.png" behavior="0" />
      <RootComponent type="61" schemaName="mstelco_MaintenanceType16" behavior="0" />
      <RootComponent type="61" schemaName="mstelco_MaintenanceType32" behavior="0" />
      <RootComponent type="61" schemaName="mstelco_MaintenanceTypeSVG" behavior="0" />
    </RootComponents>
    <MissingDependencies>
      <MissingDependency>
        <Required type="1" schemaName="mstelco_externalsystem" displayName="External System" solution="TelcoCommonCDM (2.0.3.11)" />
        <Dependent type="10" schemaName="mstelco_MaintenanceActivity_mstelco_ExternalSyste" displayName="mstelco_MaintenanceActivity_mstelco_ExternalSyste" parentSchemaName="mstelco_externalsystem" parentDisplayName="External System" />
      </MissingDependency>
      <MissingDependency>
        <Required type="1" schemaName="mstelco_externalsystem" displayName="External System" solution="TelcoCommonCDM (2.0.3.11)" />
        <Dependent type="10" schemaName="mstelco_MaintenancePlan_mstelco_ExternalSystem" displayName="mstelco_MaintenancePlan_mstelco_ExternalSystem" parentSchemaName="mstelco_externalsystem" parentDisplayName="External System" />
      </MissingDependency>
      <MissingDependency>
        <Required type="1" schemaName="mstelco_externalsystem" displayName="External System" solution="TelcoCommonCDM (2.0.3.11)" />
        <Dependent type="10" schemaName="mstelco_MaintenanceType_mstelco_ExternalSystem" displayName="mstelco_MaintenanceType_mstelco_ExternalSystem" parentSchemaName="mstelco_externalsystem" parentDisplayName="External System" />
      </MissingDependency>
      <MissingDependency>
        <Required type="1" schemaName="mstelco_networkresource" displayName="Network Resource" solution="TelcoCommonCDM (2.0.3.11)" />
        <Dependent type="1" schemaName="mstelco_networkresource" displayName="Network Resource" />
      </MissingDependency>
      <MissingDependency>
        <Required type="10" schemaName="mstelco_NetworkResource_Account_ImpactedCustomer" displayName="mstelco_NetworkResource_Account_ImpactedCustomer" parentSchemaName="account" parentDisplayName="Account" solution="TelcoCommonCDM (2.0.3.11)" />
        <Dependent type="60" displayName="Information" parentDisplayName="Network Resource" id="{3ad219f1-138b-427a-880a-2586d195e9b4}" />
      </MissingDependency>
      <MissingDependency>
        <Required type="10" schemaName="mstelco_account_mstelco_networkresource_AccountId" displayName="mstelco_account_mstelco_networkresource_AccountId" parentSchemaName="mstelco_networkresource" parentDisplayName="Network Resource" solution="TelcoCommonCDM (2.0.3.11)" />
        <Dependent type="60" displayName="Information" parentDisplayName="Network Resource" id="{3ad219f1-138b-427a-880a-2586d195e9b4}" />
      </MissingDependency>
      <MissingDependency>
        <Required type="10" schemaName="mstelco_externalsystem_mstelco_networkresource_ExternalSystemId" displayName="mstelco_externalsystem_mstelco_networkresource_ExternalSystemId" parentSchemaName="mstelco_networkresource" parentDisplayName="Network Resource" solution="TelcoCommonCDM (2.0.3.11)" />
        <Dependent type="60" displayName="Information" parentDisplayName="Network Resource" id="{3ad219f1-138b-427a-880a-2586d195e9b4}" />
      </MissingDependency>
      <MissingDependency>
        <Required type="10" schemaName="mstelco_localplace_mstelco_networkresource_LocalPlaceId" displayName="mstelco_localplace_mstelco_networkresource_LocalPlaceId" parentSchemaName="mstelco_networkresource" parentDisplayName="Network Resource" solution="TelcoCommonCDM (2.0.3.11)" />
        <Dependent type="60" displayName="Information" parentDisplayName="Network Resource" id="{3ad219f1-138b-427a-880a-2586d195e9b4}" />
      </MissingDependency>
      <MissingDependency>
        <Required type="10" schemaName="mstelco_NetworkResource_mstelco_GeographicLocatio" displayName="mstelco_NetworkResource_mstelco_GeographicLocatio" parentSchemaName="mstelco_networkresource" parentDisplayName="Network Resource" solution="TelcoCommonCDM (2.0.3.11)" />
        <Dependent type="60" displayName="Information" parentDisplayName="Network Resource" id="{3ad219f1-138b-427a-880a-2586d195e9b4}" />
      </MissingDependency>
      <MissingDependency>
        <Required type="10" schemaName="mstelco_networkresource_mstelco_networkresource_ParentNetworkResourceId" displayName="mstelco_networkresource_mstelco_networkresource_ParentNetworkResourceId" parentSchemaName="mstelco_networkresource" parentDisplayName="Network Resource" solution="TelcoCommonCDM (2.0.3.11)" />
        <Dependent type="60" displayName="Information" parentDisplayName="Network Resource" id="{3ad219f1-138b-427a-880a-2586d195e9b4}" />
      </MissingDependency>
      <MissingDependency>
        <Required type="10" schemaName="mstelco_NetworkResource_mstelco_ServiceAr" displayName="mstelco_NetworkResource_mstelco_ServiceAr" parentSchemaName="mstelco_networkresource" parentDisplayName="Network Resource" solution="TelcoCommonCDM (2.0.3.11)" />
        <Dependent type="60" displayName="Information" parentDisplayName="Network Resource" id="{3ad219f1-138b-427a-880a-2586d195e9b4}" />
      </MissingDependency>
      <MissingDependency>
        <Required type="10" schemaName="mstelco_networkresourcetype_mstelco_networkresource_TypeId" displayName="mstelco_networkresourcetype_mstelco_networkresource_TypeId" parentSchemaName="mstelco_networkresource" parentDisplayName="Network Resource" solution="TelcoCommonCDM (2.0.3.11)" />
        <Dependent type="60" displayName="Information" parentDisplayName="Network Resource" id="{3ad219f1-138b-427a-880a-2586d195e9b4}" />
      </MissingDependency>
      <MissingDependency>
        <Required type="10" schemaName="mstelco_networkzone_mstelco_networkresource_NetworkZoneId" displayName="mstelco_networkzone_mstelco_networkresource_NetworkZoneId" parentSchemaName="mstelco_networkresource" parentDisplayName="Network Resource" solution="TelcoCommonCDM (2.0.3.11)" />
        <Dependent type="60" displayName="Information" parentDisplayName="Network Resource" id="{3ad219f1-138b-427a-880a-2586d195e9b4}" />
      </MissingDependency>
      <MissingDependency>
        <Required type="2" schemaName="mstelco_externalsystemid" displayName="External System" parentSchemaName="mstelco_externalsystem" parentDisplayName="External System" solution="TelcoCommonCDM (2.0.3.11)" />
        <Dependent type="10" schemaName="mstelco_MaintenanceActivity_mstelco_ExternalSyste" displayName="mstelco_MaintenanceActivity_mstelco_ExternalSyste" parentSchemaName="mstelco_externalsystem" parentDisplayName="External System" />
      </MissingDependency>
      <MissingDependency>
        <Required type="2" schemaName="mstelco_externalsystemid" displayName="External System" parentSchemaName="mstelco_externalsystem" parentDisplayName="External System" solution="TelcoCommonCDM (2.0.3.11)" />
        <Dependent type="10" schemaName="mstelco_MaintenancePlan_mstelco_ExternalSystem" displayName="mstelco_MaintenancePlan_mstelco_ExternalSystem" parentSchemaName="mstelco_externalsystem" parentDisplayName="External System" />
      </MissingDependency>
      <MissingDependency>
        <Required type="2" schemaName="mstelco_externalsystemid" displayName="External System" parentSchemaName="mstelco_externalsystem" parentDisplayName="External System" solution="TelcoCommonCDM (2.0.3.11)" />
        <Dependent type="10" schemaName="mstelco_MaintenanceType_mstelco_ExternalSystem" displayName="mstelco_MaintenanceType_mstelco_ExternalSystem" parentSchemaName="mstelco_externalsystem" parentDisplayName="External System" />
      </MissingDependency>
      <MissingDependency>
        <Required type="2" schemaName="mstelco_name" displayName="Name" parentSchemaName="mstelco_externalsystem" parentDisplayName="External System" solution="TelcoCommonCDM (2.0.3.11)" />
        <Dependent type="10" schemaName="mstelco_MaintenanceActivity_mstelco_ExternalSyste" displayName="mstelco_MaintenanceActivity_mstelco_ExternalSyste" parentSchemaName="mstelco_externalsystem" parentDisplayName="External System" />
      </MissingDependency>
      <MissingDependency>
        <Required type="2" schemaName="mstelco_name" displayName="Name" parentSchemaName="mstelco_externalsystem" parentDisplayName="External System" solution="TelcoCommonCDM (2.0.3.11)" />
        <Dependent type="10" schemaName="mstelco_MaintenancePlan_mstelco_ExternalSystem" displayName="mstelco_MaintenancePlan_mstelco_ExternalSystem" parentSchemaName="mstelco_externalsystem" parentDisplayName="External System" />
      </MissingDependency>
      <MissingDependency>
        <Required type="2" schemaName="mstelco_name" displayName="Name" parentSchemaName="mstelco_externalsystem" parentDisplayName="External System" solution="TelcoCommonCDM (2.0.3.11)" />
        <Dependent type="10" schemaName="mstelco_MaintenanceType_mstelco_ExternalSystem" displayName="mstelco_MaintenanceType_mstelco_ExternalSystem" parentSchemaName="mstelco_externalsystem" parentDisplayName="External System" />
      </MissingDependency>
      <MissingDependency>
        <Required type="2" schemaName="createdby" displayName="Created By" parentSchemaName="mstelco_networkresource" parentDisplayName="Network Resource" solution="Active" />
        <Dependent type="60" displayName="Information" parentDisplayName="Network Resource" id="{3ad219f1-138b-427a-880a-2586d195e9b4}" />
      </MissingDependency>
      <MissingDependency>
        <Required type="2" schemaName="createdon" displayName="Created On" parentSchemaName="mstelco_networkresource" parentDisplayName="Network Resource" solution="TelcoCommonCDM (2.0.3.11)" />
        <Dependent type="60" displayName="Information" parentDisplayName="Network Resource" id="{3ad219f1-138b-427a-880a-2586d195e9b4}" />
      </MissingDependency>
      <MissingDependency>
        <Required type="2" schemaName="modifiedby" displayName="Modified By" parentSchemaName="mstelco_networkresource" parentDisplayName="Network Resource" solution="Active" />
        <Dependent type="60" displayName="Information" parentDisplayName="Network Resource" id="{3ad219f1-138b-427a-880a-2586d195e9b4}" />
      </MissingDependency>
      <MissingDependency>
        <Required type="2" schemaName="modifiedon" displayName="Modified On" parentSchemaName="mstelco_networkresource" parentDisplayName="Network Resource" solution="TelcoCommonCDM (2.0.3.11)" />
        <Dependent type="60" displayName="Information" parentDisplayName="Network Resource" id="{3ad219f1-138b-427a-880a-2586d195e9b4}" />
      </MissingDependency>
      <MissingDependency>
        <Required type="2" schemaName="mstelco_accountid" displayName="Operating Account" parentSchemaName="mstelco_networkresource" parentDisplayName="Network Resource" solution="TelcoCommonCDM (2.0.3.11)" />
        <Dependent type="60" displayName="Information" parentDisplayName="Network Resource" id="{3ad219f1-138b-427a-880a-2586d195e9b4}" />
      </MissingDependency>
      <MissingDependency>
        <Required type="2" schemaName="mstelco_code" displayName="Code" parentSchemaName="mstelco_networkresource" parentDisplayName="Network Resource" solution="TelcoCommonCDM (2.0.3.11)" />
        <Dependent type="60" displayName="Information" parentDisplayName="Network Resource" id="{3ad219f1-138b-427a-880a-2586d195e9b4}" />
      </MissingDependency>
      <MissingDependency>
        <Required type="2" schemaName="mstelco_externalid" displayName="External ID" parentSchemaName="mstelco_networkresource" parentDisplayName="Network Resource" solution="TelcoCommonCDM (2.0.3.11)" />
        <Dependent type="60" displayName="Information" parentDisplayName="Network Resource" id="{3ad219f1-138b-427a-880a-2586d195e9b4}" />
      </MissingDependency>
      <MissingDependency>
        <Required type="2" schemaName="mstelco_externalsystemid" displayName="External System" parentSchemaName="mstelco_networkresource" parentDisplayName="Network Resource" solution="TelcoCommonCDM (2.0.3.11)" />
        <Dependent type="60" displayName="Information" parentDisplayName="Network Resource" id="{3ad219f1-138b-427a-880a-2586d195e9b4}" />
      </MissingDependency>
      <MissingDependency>
        <Required type="2" schemaName="mstelco_geographiclocation" displayName="Geographic Location" parentSchemaName="mstelco_networkresource" parentDisplayName="Network Resource" solution="TelcoCommonCDM (2.0.3.11)" />
        <Dependent type="60" displayName="Information" parentDisplayName="Network Resource" id="{3ad219f1-138b-427a-880a-2586d195e9b4}" />
      </MissingDependency>
      <MissingDependency>
        <Required type="2" schemaName="mstelco_installdate" displayName="Install Date" parentSchemaName="mstelco_networkresource" parentDisplayName="Network Resource" solution="TelcoCommonCDM (2.0.3.11)" />
        <Dependent type="60" displayName="Information" parentDisplayName="Network Resource" id="{3ad219f1-138b-427a-880a-2586d195e9b4}" />
      </MissingDependency>
      <MissingDependency>
        <Required type="2" schemaName="mstelco_localplaceid" displayName="Local Place" parentSchemaName="mstelco_networkresource" parentDisplayName="Network Resource" solution="TelcoCommonCDM (2.0.3.11)" />
        <Dependent type="60" displayName="Information" parentDisplayName="Network Resource" id="{3ad219f1-138b-427a-880a-2586d195e9b4}" />
      </MissingDependency>
      <MissingDependency>
        <Required type="2" schemaName="mstelco_macaddress" displayName="MAC Address" parentSchemaName="mstelco_networkresource" parentDisplayName="Network Resource" solution="TelcoCommonCDM (2.0.3.11)" />
        <Dependent type="60" displayName="Information" parentDisplayName="Network Resource" id="{3ad219f1-138b-427a-880a-2586d195e9b4}" />
      </MissingDependency>
      <MissingDependency>
        <Required type="2" schemaName="mstelco_make" displayName="Make" parentSchemaName="mstelco_networkresource" parentDisplayName="Network Resource" solution="TelcoCommonCDM (2.0.3.11)" />
        <Dependent type="60" displayName="Information" parentDisplayName="Network Resource" id="{3ad219f1-138b-427a-880a-2586d195e9b4}" />
      </MissingDependency>
      <MissingDependency>
        <Required type="2" schemaName="mstelco_manufacturer" displayName="Manufacturer" parentSchemaName="mstelco_networkresource" parentDisplayName="Network Resource" solution="TelcoCommonCDM (2.0.3.11)" />
        <Dependent type="60" displayName="Information" parentDisplayName="Network Resource" id="{3ad219f1-138b-427a-880a-2586d195e9b4}" />
      </MissingDependency>
      <MissingDependency>
        <Required type="2" schemaName="mstelco_model" displayName="Model" parentSchemaName="mstelco_networkresource" parentDisplayName="Network Resource" solution="TelcoCommonCDM (2.0.3.11)" />
        <Dependent type="60" displayName="Information" parentDisplayName="Network Resource" id="{3ad219f1-138b-427a-880a-2586d195e9b4}" />
      </MissingDependency>
      <MissingDependency>
        <Required type="2" schemaName="mstelco_name" displayName="Name" parentSchemaName="mstelco_networkresource" parentDisplayName="Network Resource" solution="TelcoCommonCDM (2.0.3.11)" />
        <Dependent type="10" schemaName="mstelco_MaintenancePlanNetworkResource_mstelco_Ne" displayName="mstelco_MaintenancePlanNetworkResource_mstelco_Ne" parentSchemaName="mstelco_networkresource" parentDisplayName="Network Resource" />
      </MissingDependency>
      <MissingDependency>
        <Required type="2" schemaName="mstelco_name" displayName="Name" parentSchemaName="mstelco_networkresource" parentDisplayName="Network Resource" solution="TelcoCommonCDM (2.0.3.11)" />
        <Dependent type="60" displayName="Information" parentDisplayName="Network Resource" id="{3ad219f1-138b-427a-880a-2586d195e9b4}" />
      </MissingDependency>
      <MissingDependency>
        <Required type="2" schemaName="mstelco_networkresourceid" displayName="Network Resource" parentSchemaName="mstelco_networkresource" parentDisplayName="Network Resource" solution="TelcoCommonCDM (2.0.3.11)" />
        <Dependent type="10" schemaName="mstelco_MaintenancePlanNetworkResource_mstelco_Ne" displayName="mstelco_MaintenancePlanNetworkResource_mstelco_Ne" parentSchemaName="mstelco_networkresource" parentDisplayName="Network Resource" />
      </MissingDependency>
      <MissingDependency>
        <Required type="2" schemaName="mstelco_networkzoneid" displayName="Network Zone" parentSchemaName="mstelco_networkresource" parentDisplayName="Network Resource" solution="TelcoCommonCDM (2.0.3.11)" />
        <Dependent type="60" displayName="Information" parentDisplayName="Network Resource" id="{3ad219f1-138b-427a-880a-2586d195e9b4}" />
      </MissingDependency>
      <MissingDependency>
        <Required type="2" schemaName="mstelco_parentnetworkresourceid" displayName="Parent Network Resource" parentSchemaName="mstelco_networkresource" parentDisplayName="Network Resource" solution="TelcoCommonCDM (2.0.3.11)" />
        <Dependent type="60" displayName="Information" parentDisplayName="Network Resource" id="{3ad219f1-138b-427a-880a-2586d195e9b4}" />
      </MissingDependency>
      <MissingDependency>
        <Required type="2" schemaName="mstelco_servicearea" displayName="Service Area" parentSchemaName="mstelco_networkresource" parentDisplayName="Network Resource" solution="TelcoCommonCDM (2.0.3.11)" />
        <Dependent type="60" displayName="Information" parentDisplayName="Network Resource" id="{3ad219f1-138b-427a-880a-2586d195e9b4}" />
      </MissingDependency>
      <MissingDependency>
        <Required type="2" schemaName="mstelco_servicestatus" displayName="Service Status" parentSchemaName="mstelco_networkresource" parentDisplayName="Network Resource" solution="TelcoCommonCDM (2.0.3.11)" />
        <Dependent type="60" displayName="Information" parentDisplayName="Network Resource" id="{3ad219f1-138b-427a-880a-2586d195e9b4}" />
      </MissingDependency>
      <MissingDependency>
        <Required type="2" schemaName="mstelco_string" displayName="String" parentSchemaName="mstelco_networkresource" parentDisplayName="Network Resource" solution="TelcoCommonCDM (2.0.3.11)" />
        <Dependent type="60" displayName="Information" parentDisplayName="Network Resource" id="{3ad219f1-138b-427a-880a-2586d195e9b4}" />
      </MissingDependency>
      <MissingDependency>
        <Required type="2" schemaName="mstelco_typeid" displayName="Type" parentSchemaName="mstelco_networkresource" parentDisplayName="Network Resource" solution="TelcoCommonCDM (2.0.3.11)" />
        <Dependent type="60" displayName="Information" parentDisplayName="Network Resource" id="{3ad219f1-138b-427a-880a-2586d195e9b4}" />
      </MissingDependency>
      <MissingDependency>
        <Required type="2" schemaName="ownerid" displayName="Owner" parentSchemaName="mstelco_networkresource" parentDisplayName="Network Resource" solution="Active" />
        <Dependent type="60" displayName="Information" parentDisplayName="Network Resource" id="{3ad219f1-138b-427a-880a-2586d195e9b4}" />
      </MissingDependency>
      <MissingDependency>
        <Required type="26" schemaName="Active Network Resources" displayName="Active Network Resources" parentSchemaName="mstelco_networkresource" parentDisplayName="Network Resource" solution="TelcoCommonCDM (2.0.3.11)" id="{6c0bbfb7-ff00-4bab-ba69-ad2f64d1074b}" />
        <Dependent type="60" displayName="Information" parentDisplayName="Network Resource" id="{3ad219f1-138b-427a-880a-2586d195e9b4}" />
      </MissingDependency>
      <MissingDependency>
        <Required type="26" schemaName="Customer Account" displayName="Customer Account" parentSchemaName="account" parentDisplayName="Account" solution="TelcoCommonCDM (2.0.3.11)" id="{b26e5369-fc1c-ec11-b6e6-000d3a98bde5}" />
        <Dependent type="60" displayName="Information" parentDisplayName="Network Resource" id="{3ad219f1-138b-427a-880a-2586d195e9b4}" />
      </MissingDependency>
      <MissingDependency>
        <Required type="60" displayName="Geographic Location quick view form" parentDisplayName="Geographic Location" solution="TelcoCommonCDM (2.0.3.11)" id="{04e4f968-b71c-ec11-b6e6-000d3a98b83f}" />
        <Dependent type="60" displayName="Information" parentDisplayName="Network Resource" id="{3ad219f1-138b-427a-880a-2586d195e9b4}" />
      </MissingDependency>
      <MissingDependency>
        <Required type="61" schemaName="mstelco_NetworkResource.svg" displayName="mstelco_NetworkResource.svg" solution="TelcoCommonCDM (2.0.3.11)" />
        <Dependent type="1" schemaName="mstelco_networkresource" displayName="Network Resource" />
      </MissingDependency>
      <MissingDependency>
        <Required type="61" schemaName="mstelco_NetworkResource16.png" displayName="mstelco_NetworkResource16.png" solution="TelcoCommonCDM (2.0.3.11)" />
        <Dependent type="1" schemaName="mstelco_networkresource" displayName="Network Resource" />
      </MissingDependency>
      <MissingDependency>
        <Required type="61" schemaName="mstelco_NetworkResource32.png" displayName="mstelco_NetworkResource32.png" solution="TelcoCommonCDM (2.0.3.11)" />
        <Dependent type="1" schemaName="mstelco_networkresource" displayName="Network Resource" />
      </MissingDependency>
    </MissingDependencies>
  </SolutionManifest>
</ImportExportXml>