﻿<?xml version="1.0" encoding="utf-8"?>
<ImportExportXml version="9.2.21122.157" SolutionPackageVersion="9.2" languagecode="1033" generatedBy="CrmLive" xmlns:xsi="http://www.w3.org/2001/XMLSchema-instance">
  <SolutionManifest>
    <UniqueName>TelcoSalesApps</UniqueName>
    <LocalizedNames>
      <LocalizedName description="Telco Sales Apps" languagecode="1033" />
    </LocalizedNames>
    <Descriptions />
    <Version>2.0.3.15</Version>
    <Managed>1</Managed>
    <Publisher>
      <UniqueName>microsoftdynamics365telco</UniqueName>
      <LocalizedNames>
        <LocalizedName description="Microsoft Dynamics 365 Telco" languagecode="1033" />
      </LocalizedNames>
      <Descriptions />
      <EMailAddress xsi:nil="true"></EMailAddress>
      <SupportingWebsiteUrl xsi:nil="true"></SupportingWebsiteUrl>
      <CustomizationPrefix>mstelco</CustomizationPrefix>
      <CustomizationOptionValuePrefix>71983</CustomizationOptionValuePrefix>
      <Addresses>
        <Address>
          <AddressNumber>1</AddressNumber>
          <AddressTypeCode>1</AddressTypeCode>
          <City xsi:nil="true"></City>
          <County xsi:nil="true"></County>
          <Country xsi:nil="true"></Country>
          <Fax xsi:nil="true"></Fax>
          <FreightTermsCode xsi:nil="true"></FreightTermsCode>
          <ImportSequenceNumber xsi:nil="true"></ImportSequenceNumber>
          <Latitude xsi:nil="true"></Latitude>
          <Line1 xsi:nil="true"></Line1>
          <Line2 xsi:nil="true"></Line2>
          <Line3 xsi:nil="true"></Line3>
          <Longitude xsi:nil="true"></Longitude>
          <Name xsi:nil="true"></Name>
          <PostalCode xsi:nil="true"></PostalCode>
          <PostOfficeBox xsi:nil="true"></PostOfficeBox>
          <PrimaryContactName xsi:nil="true"></PrimaryContactName>
          <ShippingMethodCode>1</ShippingMethodCode>
          <StateOrProvince xsi:nil="true"></StateOrProvince>
          <Telephone1 xsi:nil="true"></Telephone1>
          <Telephone2 xsi:nil="true"></Telephone2>
          <Telephone3 xsi:nil="true"></Telephone3>
          <TimeZoneRuleVersionNumber xsi:nil="true"></TimeZoneRuleVersionNumber>
          <UPSZone xsi:nil="true"></UPSZone>
          <UTCOffset xsi:nil="true"></UTCOffset>
          <UTCConversionTimeZoneCode xsi:nil="true"></UTCConversionTimeZoneCode>
        </Address>
        <Address>
          <AddressNumber>2</AddressNumber>
          <AddressTypeCode>1</AddressTypeCode>
          <City xsi:nil="true"></City>
          <County xsi:nil="true"></County>
          <Country xsi:nil="true"></Country>
          <Fax xsi:nil="true"></Fax>
          <FreightTermsCode xsi:nil="true"></FreightTermsCode>
          <ImportSequenceNumber xsi:nil="true"></ImportSequenceNumber>
          <Latitude xsi:nil="true"></Latitude>
          <Line1 xsi:nil="true"></Line1>
          <Line2 xsi:nil="true"></Line2>
          <Line3 xsi:nil="true"></Line3>
          <Longitude xsi:nil="true"></Longitude>
          <Name xsi:nil="true"></Name>
          <PostalCode xsi:nil="true"></PostalCode>
          <PostOfficeBox xsi:nil="true"></PostOfficeBox>
          <PrimaryContactName xsi:nil="true"></PrimaryContactName>
          <ShippingMethodCode>1</ShippingMethodCode>
          <StateOrProvince xsi:nil="true"></StateOrProvince>
          <Telephone1 xsi:nil="true"></Telephone1>
          <Telephone2 xsi:nil="true"></Telephone2>
          <Telephone3 xsi:nil="true"></Telephone3>
          <TimeZoneRuleVersionNumber xsi:nil="true"></TimeZoneRuleVersionNumber>
          <UPSZone xsi:nil="true"></UPSZone>
          <UTCOffset xsi:nil="true"></UTCOffset>
          <UTCConversionTimeZoneCode xsi:nil="true"></UTCConversionTimeZoneCode>
        </Address>
      </Addresses>
    </Publisher>
    <RootComponents>
      <RootComponent type="1" schemaName="lead" behavior="1" />
      <RootComponent type="1" schemaName="mstelco_leadserviceabilityflow" behavior="0" />
      <RootComponent type="29" id="{baf92b1d-6630-44cd-bf7f-e8014178bf65}" behavior="0" />
      <RootComponent type="60" id="{827f99a7-5e24-eb11-a813-000d3a111312}" behavior="0" />
      <RootComponent type="61" schemaName="mstelco_TelcoSalesAppIcon.svg" behavior="0" />
      <RootComponent type="62" schemaName="mstelco_TelcoSales" behavior="0" />
      <RootComponent type="66" schemaName="mstelco_PCFControls.DataFromMap" behavior="0" />
      <RootComponent type="80" schemaName="mstelco_TelcoSales" behavior="0" />
      <RootComponent type="300" schemaName="mstelco_leadserviceabilitycheck_f9ca4" behavior="0" />
      <RootComponent type="372" id="{707c78a1-a86b-4556-96a7-5cbce57aef06}" schemaName="mstelco_5ffind-20location-20with-20azure-20v2" behavior="0" />
    </RootComponents>
    <MissingDependencies>
      <MissingDependency>
        <Required type="1" schemaName="competitor" displayName="Competitor" solution="msdynce_Sales (9.0.4.0076)">
          <package>msdynce_SalesAnchor (9.0.21122.10002)</package>
        </Required>
        <Dependent type="60" displayName="Telco Lead" parentDisplayName="Lead" id="{129da70b-c11f-eb11-a814-000d3a8bf344}" />
      </MissingDependency>
      <MissingDependency>
        <Required type="1" schemaName="competitor" displayName="Competitor" solution="msdynce_Sales (9.0.4.0076)">
          <package>msdynce_SalesAnchor (9.0.21122.10002)</package>
        </Required>
        <Dependent type="62" schemaName="mstelco_TelcoSales" />
      </MissingDependency>
      <MissingDependency>
        <Required type="1" schemaName="environmentvariabledefinition" displayName="Environment Variable Definition" solution="EnvironmentVariables (1.0.2.115)" />
        <Dependent type="300" schemaName="mstelco_leadserviceabilitycheck_f9ca4" displayName="Lead Serviceability Check" />
      </MissingDependency>
      <MissingDependency>
        <Required type="1" schemaName="environmentvariablevalue" displayName="Environment Variable Value" solution="EnvironmentVariables (1.0.2.115)" />
        <Dependent type="300" schemaName="mstelco_leadserviceabilitycheck_f9ca4" displayName="Lead Serviceability Check" />
      </MissingDependency>
      <MissingDependency>
        <Required type="1" schemaName="incident" displayName="Case" solution="msdynce_Service (9.0.5.56)" />
        <Dependent type="80" schemaName="mstelco_TelcoSales" displayName="Telco Sales" />
      </MissingDependency>
      <MissingDependency>
        <Required type="1" schemaName="invoice" displayName="Invoice" solution="msdynce_Sales (9.0.4.0076)">
          <package>msdynce_SalesAnchor (9.0.21122.10002)</package>
        </Required>
        <Dependent type="62" schemaName="mstelco_TelcoSales" />
      </MissingDependency>
      <MissingDependency>
        <Required type="1" schemaName="lead" displayName="Lead" solution="msdynce_LeadManagement (9.0.4.0066)">
          <package>msdynce_LeadManagementAnchor (9.0.21122.10002)</package>
        </Required>
        <Dependent type="1" schemaName="lead" displayName="Lead" />
      </MissingDependency>
      <MissingDependency>
        <Required type="1" schemaName="msdyn_iotalert" displayName="IoT Alert" solution="IoTConnector (1.8.9.7)" />
        <Dependent type="80" schemaName="mstelco_TelcoSales" displayName="Telco Sales" />
      </MissingDependency>
      <MissingDependency>
        <Required type="1" schemaName="mstelco_geographicaddress" displayName="Geographic Address" solution="TelcoCommonCDM (2.0.3.11)" />
        <Dependent type="300" schemaName="mstelco_leadserviceabilitycheck_f9ca4" displayName="Lead Serviceability Check" />
      </MissingDependency>
      <MissingDependency>
        <Required type="1" schemaName="mstelco_geographicaddress" displayName="Geographic Address" solution="TelcoCommonCDM (2.0.3.11)" />
        <Dependent type="80" schemaName="mstelco_TelcoSales" displayName="Telco Sales" />
      </MissingDependency>
      <MissingDependency>
        <Required type="1" schemaName="mstelco_geographiclocation" displayName="Geographic Location" solution="TelcoCommonCDM (2.0.3.11)" />
        <Dependent type="300" schemaName="mstelco_leadserviceabilitycheck_f9ca4" displayName="Lead Serviceability Check" />
      </MissingDependency>
      <MissingDependency>
        <Required type="1" schemaName="mstelco_geographiclocation" displayName="Geographic Location" solution="TelcoCommonCDM (2.0.3.11)" />
        <Dependent type="80" schemaName="mstelco_TelcoSales" displayName="Telco Sales" />
      </MissingDependency>
      <MissingDependency>
        <Required type="1" schemaName="mstelco_geographicplace" displayName="Geographic Place" solution="TelcoCommonCDM (2.0.3.11)" />
        <Dependent type="300" schemaName="mstelco_leadserviceabilitycheck_f9ca4" displayName="Lead Serviceability Check" />
      </MissingDependency>
      <MissingDependency>
        <Required type="1" schemaName="mstelco_geographicplace" displayName="Geographic Place" solution="TelcoCommonCDM (2.0.3.11)" />
        <Dependent type="80" schemaName="mstelco_TelcoSales" displayName="Telco Sales" />
      </MissingDependency>
      <MissingDependency>
        <Required type="1" schemaName="mstelco_geographicpoint" displayName="Geographic Point" solution="TelcoCommonCDM (2.0.3.11)" />
        <Dependent type="300" schemaName="mstelco_leadserviceabilitycheck_f9ca4" displayName="Lead Serviceability Check" />
      </MissingDependency>
      <MissingDependency>
        <Required type="1" schemaName="mstelco_geographicsubaddress" displayName="Geographic Sub-Address" solution="TelcoCommonCDM (2.0.3.11)" />
        <Dependent type="300" schemaName="mstelco_leadserviceabilitycheck_f9ca4" displayName="Lead Serviceability Check" />
      </MissingDependency>
      <MissingDependency>
        <Required type="1" schemaName="mstelco_geographicsubaddress" displayName="Geographic Sub-Address" solution="TelcoCommonCDM (2.0.3.11)" />
        <Dependent type="80" schemaName="mstelco_TelcoSales" displayName="Telco Sales" />
      </MissingDependency>
      <MissingDependency>
        <Required type="1" schemaName="mstelco_localplace" displayName="Local Place" solution="TelcoCommonCDM (2.0.3.11)" />
        <Dependent type="300" schemaName="mstelco_leadserviceabilitycheck_f9ca4" displayName="Lead Serviceability Check" />
      </MissingDependency>
      <MissingDependency>
        <Required type="1" schemaName="mstelco_networkresource" displayName="Network Resource" solution="TelcoCommonCDM (2.0.3.11)" />
        <Dependent type="300" schemaName="mstelco_leadserviceabilitycheck_f9ca4" displayName="Lead Serviceability Check" />
      </MissingDependency>
      <MissingDependency>
        <Required type="1" schemaName="mstelco_networkresourcetype" displayName="Network Resource Type" solution="TelcoCommonCDM (2.0.3.11)" />
        <Dependent type="300" schemaName="mstelco_leadserviceabilitycheck_f9ca4" displayName="Lead Serviceability Check" />
      </MissingDependency>
      <MissingDependency>
        <Required type="1" schemaName="mstelco_place" displayName="Place" solution="TelcoCommonCDM (2.0.3.11)" />
        <Dependent type="80" schemaName="mstelco_TelcoSales" displayName="Telco Sales" />
      </MissingDependency>
      <MissingDependency>
        <Required type="1" schemaName="mstelco_servicearea" displayName="Service Area" solution="TelcoCommonCDM (2.0.3.11)" />
        <Dependent type="300" schemaName="mstelco_leadserviceabilitycheck_f9ca4" displayName="Lead Serviceability Check" />
      </MissingDependency>
      <MissingDependency>
        <Required type="1" schemaName="mstelco_serviceareageoplace" displayName="Service Area Geographical Place" solution="TelcoCommonCDM (2.0.3.11)" />
        <Dependent type="300" schemaName="mstelco_leadserviceabilitycheck_f9ca4" displayName="Lead Serviceability Check" />
      </MissingDependency>
      <MissingDependency>
        <Required type="1" schemaName="mstelco_serviceareageoplace" displayName="Service Area Geographical Place" solution="TelcoCommonCDM (2.0.3.11)" />
        <Dependent type="80" schemaName="mstelco_TelcoSales" displayName="Telco Sales" />
      </MissingDependency>
      <MissingDependency>
        <Required type="1" schemaName="opportunity" displayName="Opportunity" solution="msdynce_Sales (9.0.4.0076)">
          <package>msdynce_SalesAnchor (9.0.21122.10002)</package>
        </Required>
        <Dependent type="62" schemaName="mstelco_TelcoSales" />
      </MissingDependency>
      <MissingDependency>
        <Required type="1" schemaName="opportunity" displayName="Opportunity" solution="msdynce_Sales (9.0.4.0076)">
          <package>msdynce_SalesAnchor (9.0.21122.10002)</package>
        </Required>
        <Dependent type="80" schemaName="mstelco_TelcoSales" displayName="Telco Sales" />
      </MissingDependency>
      <MissingDependency>
        <Required type="1" schemaName="product" displayName="Product" solution="msdynce_ProductManagement (9.0.4.0066)">
          <package>msdynce_ProductManagementAnchor (9.0.21122.10002)</package>
        </Required>
        <Dependent type="62" schemaName="mstelco_TelcoSales" />
      </MissingDependency>
      <MissingDependency>
        <Required type="1" schemaName="quote" displayName="Quote" solution="msdynce_Sales (9.0.4.0076)">
          <package>msdynce_SalesAnchor (9.0.21122.10002)</package>
        </Required>
        <Dependent type="62" schemaName="mstelco_TelcoSales" />
      </MissingDependency>
      <MissingDependency>
        <Required type="1" schemaName="resource" displayName="Resource" solution="msdynce_Service (9.0.5.56)" />
        <Dependent type="300" schemaName="mstelco_leadserviceabilitycheck_f9ca4" displayName="Lead Serviceability Check" />
      </MissingDependency>
      <MissingDependency>
        <Required type="1" schemaName="salesliterature" displayName="Sales Literature" solution="msdynce_Sales (9.0.4.0076)">
          <package>msdynce_SalesAnchor (9.0.21122.10002)</package>
        </Required>
        <Dependent type="62" schemaName="mstelco_TelcoSales" />
      </MissingDependency>
      <MissingDependency>
        <Required type="1" schemaName="salesorder" displayName="Order" solution="msdynce_Sales (9.0.4.0076)">
          <package>msdynce_SalesAnchor (9.0.21122.10002)</package>
        </Required>
        <Dependent type="62" schemaName="mstelco_TelcoSales" />
      </MissingDependency>
      <MissingDependency>
        <Required type="2" schemaName="address1_city" displayName="City" parentSchemaName="lead" parentDisplayName="Lead" solution="msdynce_LeadManagement (9.0.4.0066)">
          <package>msdynce_LeadManagementAnchor (9.0.21122.10002)</package>
        </Required>
        <Dependent type="29" displayName="Lead Serviceability Flow" id="{baf92b1d-6630-44cd-bf7f-e8014178bf65}" />
      </MissingDependency>
      <MissingDependency>
        <Required type="2" schemaName="address1_city" displayName="City" parentSchemaName="lead" parentDisplayName="Lead" solution="msdynce_LeadManagement (9.0.4.0066)">
          <package>msdynce_LeadManagementAnchor (9.0.21122.10002)</package>
        </Required>
        <Dependent type="60" displayName="Telco Lead" parentDisplayName="Lead" id="{129da70b-c11f-eb11-a814-000d3a8bf344}" />
      </MissingDependency>
      <MissingDependency>
        <Required type="2" schemaName="address1_city" displayName="City" parentSchemaName="lead" parentDisplayName="Lead" solution="msdynce_LeadManagement (9.0.4.0066)">
          <package>msdynce_LeadManagementAnchor (9.0.21122.10002)</package>
        </Required>
        <Dependent type="60" displayName="Information" parentDisplayName="Lead Serviceability Flow" id="{61c1530f-aed1-4d58-9a23-27797e462b56}" />
      </MissingDependency>
      <MissingDependency>
        <Required type="2" schemaName="address1_country" displayName="Country/Region" parentSchemaName="lead" parentDisplayName="Lead" solution="msdynce_LeadManagement (9.0.4.0066)">
          <package>msdynce_LeadManagementAnchor (9.0.21122.10002)</package>
        </Required>
        <Dependent type="29" displayName="Lead Serviceability Flow" id="{baf92b1d-6630-44cd-bf7f-e8014178bf65}" />
      </MissingDependency>
      <MissingDependency>
        <Required type="2" schemaName="address1_country" displayName="Country/Region" parentSchemaName="lead" parentDisplayName="Lead" solution="msdynce_LeadManagement (9.0.4.0066)">
          <package>msdynce_LeadManagementAnchor (9.0.21122.10002)</package>
        </Required>
        <Dependent type="60" displayName="Telco Lead" parentDisplayName="Lead" id="{129da70b-c11f-eb11-a814-000d3a8bf344}" />
      </MissingDependency>
      <MissingDependency>
        <Required type="2" schemaName="address1_country" displayName="Country/Region" parentSchemaName="lead" parentDisplayName="Lead" solution="msdynce_LeadManagement (9.0.4.0066)">
          <package>msdynce_LeadManagementAnchor (9.0.21122.10002)</package>
        </Required>
        <Dependent type="60" displayName="Information" parentDisplayName="Lead Serviceability Flow" id="{61c1530f-aed1-4d58-9a23-27797e462b56}" />
      </MissingDependency>
      <MissingDependency>
        <Required type="2" schemaName="address1_line1" displayName="Street 1" parentSchemaName="lead" parentDisplayName="Lead" solution="msdynce_LeadManagement (9.0.4.0066)">
          <package>msdynce_LeadManagementAnchor (9.0.21122.10002)</package>
        </Required>
        <Dependent type="29" displayName="Lead Serviceability Flow" id="{baf92b1d-6630-44cd-bf7f-e8014178bf65}" />
      </MissingDependency>
      <MissingDependency>
        <Required type="2" schemaName="address1_line1" displayName="Street 1" parentSchemaName="lead" parentDisplayName="Lead" solution="msdynce_LeadManagement (9.0.4.0066)">
          <package>msdynce_LeadManagementAnchor (9.0.21122.10002)</package>
        </Required>
        <Dependent type="60" displayName="Telco Lead" parentDisplayName="Lead" id="{129da70b-c11f-eb11-a814-000d3a8bf344}" />
      </MissingDependency>
      <MissingDependency>
        <Required type="2" schemaName="address1_line1" displayName="Street 1" parentSchemaName="lead" parentDisplayName="Lead" solution="msdynce_LeadManagement (9.0.4.0066)">
          <package>msdynce_LeadManagementAnchor (9.0.21122.10002)</package>
        </Required>
        <Dependent type="60" displayName="Information" parentDisplayName="Lead Serviceability Flow" id="{61c1530f-aed1-4d58-9a23-27797e462b56}" />
      </MissingDependency>
      <MissingDependency>
        <Required type="2" schemaName="address1_line2" displayName="Street 2" parentSchemaName="lead" parentDisplayName="Lead" solution="msdynce_LeadManagement (9.0.4.0066)">
          <package>msdynce_LeadManagementAnchor (9.0.21122.10002)</package>
        </Required>
        <Dependent type="29" displayName="Lead Serviceability Flow" id="{baf92b1d-6630-44cd-bf7f-e8014178bf65}" />
      </MissingDependency>
      <MissingDependency>
        <Required type="2" schemaName="address1_line2" displayName="Street 2" parentSchemaName="lead" parentDisplayName="Lead" solution="msdynce_LeadManagement (9.0.4.0066)">
          <package>msdynce_LeadManagementAnchor (9.0.21122.10002)</package>
        </Required>
        <Dependent type="60" displayName="Telco Lead" parentDisplayName="Lead" id="{129da70b-c11f-eb11-a814-000d3a8bf344}" />
      </MissingDependency>
      <MissingDependency>
        <Required type="2" schemaName="address1_line2" displayName="Street 2" parentSchemaName="lead" parentDisplayName="Lead" solution="msdynce_LeadManagement (9.0.4.0066)">
          <package>msdynce_LeadManagementAnchor (9.0.21122.10002)</package>
        </Required>
        <Dependent type="60" displayName="Information" parentDisplayName="Lead Serviceability Flow" id="{61c1530f-aed1-4d58-9a23-27797e462b56}" />
      </MissingDependency>
      <MissingDependency>
        <Required type="2" schemaName="address1_postalcode" displayName="ZIP/Postal Code" parentSchemaName="lead" parentDisplayName="Lead" solution="msdynce_LeadManagement (9.0.4.0066)">
          <package>msdynce_LeadManagementAnchor (9.0.21122.10002)</package>
        </Required>
        <Dependent type="60" displayName="Telco Lead" parentDisplayName="Lead" id="{129da70b-c11f-eb11-a814-000d3a8bf344}" />
      </MissingDependency>
      <MissingDependency>
        <Required type="2" schemaName="address1_stateorprovince" displayName="State/Province" parentSchemaName="lead" parentDisplayName="Lead" solution="msdynce_LeadManagement (9.0.4.0066)">
          <package>msdynce_LeadManagementAnchor (9.0.21122.10002)</package>
        </Required>
        <Dependent type="29" displayName="Lead Serviceability Flow" id="{baf92b1d-6630-44cd-bf7f-e8014178bf65}" />
      </MissingDependency>
      <MissingDependency>
        <Required type="2" schemaName="address1_stateorprovince" displayName="State/Province" parentSchemaName="lead" parentDisplayName="Lead" solution="msdynce_LeadManagement (9.0.4.0066)">
          <package>msdynce_LeadManagementAnchor (9.0.21122.10002)</package>
        </Required>
        <Dependent type="60" displayName="Telco Lead" parentDisplayName="Lead" id="{129da70b-c11f-eb11-a814-000d3a8bf344}" />
      </MissingDependency>
      <MissingDependency>
        <Required type="2" schemaName="address1_stateorprovince" displayName="State/Province" parentSchemaName="lead" parentDisplayName="Lead" solution="msdynce_LeadManagement (9.0.4.0066)">
          <package>msdynce_LeadManagementAnchor (9.0.21122.10002)</package>
        </Required>
        <Dependent type="60" displayName="Information" parentDisplayName="Lead Serviceability Flow" id="{61c1530f-aed1-4d58-9a23-27797e462b56}" />
      </MissingDependency>
      <MissingDependency>
        <Required type="2" schemaName="businesscard" displayName="Business Card" parentSchemaName="lead" parentDisplayName="Lead" solution="msdynce_SalesPatch201904 (9.0.1912.1007)">
          <package>msdynce_SalesAnchor (9.0.21122.10002)</package>
        </Required>
        <Dependent type="60" displayName="Telco Lead" parentDisplayName="Lead" id="{129da70b-c11f-eb11-a814-000d3a8bf344}" />
      </MissingDependency>
      <MissingDependency>
        <Required type="2" schemaName="businesscardattributes" displayName="BusinessCardAttributes" parentSchemaName="lead" parentDisplayName="Lead" solution="msdynce_SalesPatch201904 (9.0.1912.1007)">
          <package>msdynce_SalesAnchor (9.0.21122.10002)</package>
        </Required>
        <Dependent type="60" displayName="Telco Lead" parentDisplayName="Lead" id="{129da70b-c11f-eb11-a814-000d3a8bf344}" />
      </MissingDependency>
      <MissingDependency>
        <Required type="2" schemaName="campaignid" displayName="Source Campaign" parentSchemaName="lead" parentDisplayName="Lead" solution="msdynce_Marketing (9.0.4.37)">
          <package>msdynce_MarketingAnchor (9.0.21122.10001)</package>
        </Required>
        <Dependent type="60" displayName="Telco Lead" parentDisplayName="Lead" id="{129da70b-c11f-eb11-a814-000d3a8bf344}" />
      </MissingDependency>
      <MissingDependency>
        <Required type="2" schemaName="companyname" displayName="Company Name" parentSchemaName="lead" parentDisplayName="Lead" solution="msdynce_LeadManagement (9.0.4.0066)">
          <package>msdynce_LeadManagementAnchor (9.0.21122.10002)</package>
        </Required>
        <Dependent type="60" displayName="Telco Lead" parentDisplayName="Lead" id="{129da70b-c11f-eb11-a814-000d3a8bf344}" />
      </MissingDependency>
      <MissingDependency>
        <Required type="2" schemaName="createdon" displayName="Created On" parentSchemaName="lead" parentDisplayName="Lead" solution="msdynce_LeadManagement (9.0.4.0066)">
          <package>msdynce_LeadManagementAnchor (9.0.21122.10002)</package>
        </Required>
        <Dependent type="26" schemaName="Telco Sales Leads" displayName="Telco Sales Leads" parentSchemaName="lead" parentDisplayName="Lead" id="{4d972b33-2634-eb11-a813-000d3a8d984c}" />
      </MissingDependency>
      <MissingDependency>
        <Required type="2" schemaName="description" displayName="Description" parentSchemaName="lead" parentDisplayName="Lead" solution="msdynce_LeadManagement (9.0.4.0066)">
          <package>msdynce_LeadManagementAnchor (9.0.21122.10002)</package>
        </Required>
        <Dependent type="60" displayName="Telco Lead" parentDisplayName="Lead" id="{129da70b-c11f-eb11-a814-000d3a8bf344}" />
      </MissingDependency>
      <MissingDependency>
        <Required type="2" schemaName="donotbulkemail" displayName="Do not allow Bulk Emails" parentSchemaName="lead" parentDisplayName="Lead" solution="msdynce_LeadManagement (9.0.4.0066)">
          <package>msdynce_LeadManagementAnchor (9.0.21122.10002)</package>
        </Required>
        <Dependent type="60" displayName="Telco Lead" parentDisplayName="Lead" id="{129da70b-c11f-eb11-a814-000d3a8bf344}" />
      </MissingDependency>
      <MissingDependency>
        <Required type="2" schemaName="donotemail" displayName="Do not allow Emails" parentSchemaName="lead" parentDisplayName="Lead" solution="msdynce_LeadManagement (9.0.4.0066)">
          <package>msdynce_LeadManagementAnchor (9.0.21122.10002)</package>
        </Required>
        <Dependent type="60" displayName="Telco Lead" parentDisplayName="Lead" id="{129da70b-c11f-eb11-a814-000d3a8bf344}" />
      </MissingDependency>
      <MissingDependency>
        <Required type="2" schemaName="donotphone" displayName="Do not allow Phone Calls" parentSchemaName="lead" parentDisplayName="Lead" solution="msdynce_LeadManagement (9.0.4.0066)">
          <package>msdynce_LeadManagementAnchor (9.0.21122.10002)</package>
        </Required>
        <Dependent type="60" displayName="Telco Lead" parentDisplayName="Lead" id="{129da70b-c11f-eb11-a814-000d3a8bf344}" />
      </MissingDependency>
      <MissingDependency>
        <Required type="2" schemaName="donotpostalmail" displayName="Do not allow Mails" parentSchemaName="lead" parentDisplayName="Lead" solution="msdynce_LeadManagement (9.0.4.0066)">
          <package>msdynce_LeadManagementAnchor (9.0.21122.10002)</package>
        </Required>
        <Dependent type="60" displayName="Telco Lead" parentDisplayName="Lead" id="{129da70b-c11f-eb11-a814-000d3a8bf344}" />
      </MissingDependency>
      <MissingDependency>
        <Required type="2" schemaName="donotsendmm" displayName="Marketing Material" parentSchemaName="lead" parentDisplayName="Lead" solution="msdynce_LeadManagement (9.0.4.0066)">
          <package>msdynce_LeadManagementAnchor (9.0.21122.10002)</package>
        </Required>
        <Dependent type="60" displayName="Telco Lead" parentDisplayName="Lead" id="{129da70b-c11f-eb11-a814-000d3a8bf344}" />
      </MissingDependency>
      <MissingDependency>
        <Required type="2" schemaName="emailaddress1" displayName="Email" parentSchemaName="lead" parentDisplayName="Lead" solution="msdynce_LeadManagement (9.0.4.0066)">
          <package>msdynce_LeadManagementAnchor (9.0.21122.10002)</package>
        </Required>
        <Dependent type="60" displayName="Telco Lead" parentDisplayName="Lead" id="{129da70b-c11f-eb11-a814-000d3a8bf344}" />
      </MissingDependency>
      <MissingDependency>
        <Required type="2" schemaName="followemail" displayName="Follow Email Activity" parentSchemaName="lead" parentDisplayName="Lead" solution="msdynce_LeadManagement (9.0.4.0066)">
          <package>msdynce_LeadManagementAnchor (9.0.21122.10002)</package>
        </Required>
        <Dependent type="60" displayName="Telco Lead" parentDisplayName="Lead" id="{129da70b-c11f-eb11-a814-000d3a8bf344}" />
      </MissingDependency>
      <MissingDependency>
        <Required type="2" schemaName="fullname" displayName="Name" parentSchemaName="lead" parentDisplayName="Lead" solution="msdynce_LeadManagement (9.0.4.0066)">
          <package>msdynce_LeadManagementAnchor (9.0.21122.10002)</package>
        </Required>
        <Dependent type="10" schemaName="bpf_lead_mstelco_leadserviceabilityflow" displayName="bpf_lead_mstelco_leadserviceabilityflow" parentSchemaName="lead" parentDisplayName="Lead" />
      </MissingDependency>
      <MissingDependency>
        <Required type="2" schemaName="fullname" displayName="Name" parentSchemaName="lead" parentDisplayName="Lead" solution="msdynce_LeadManagement (9.0.4.0066)">
          <package>msdynce_LeadManagementAnchor (9.0.21122.10002)</package>
        </Required>
        <Dependent type="26" schemaName="Serviceable Leads" displayName="Serviceable Leads" parentSchemaName="lead" parentDisplayName="Lead" id="{4aa5dfc2-9c24-eb11-a813-000d3a995243}" />
      </MissingDependency>
      <MissingDependency>
        <Required type="2" schemaName="fullname" displayName="Name" parentSchemaName="lead" parentDisplayName="Lead" solution="msdynce_LeadManagement (9.0.4.0066)">
          <package>msdynce_LeadManagementAnchor (9.0.21122.10002)</package>
        </Required>
        <Dependent type="26" schemaName="Telco Sales Leads" displayName="Telco Sales Leads" parentSchemaName="lead" parentDisplayName="Lead" id="{4d972b33-2634-eb11-a813-000d3a8d984c}" />
      </MissingDependency>
      <MissingDependency>
        <Required type="2" schemaName="fullname" displayName="Name" parentSchemaName="lead" parentDisplayName="Lead" solution="msdynce_LeadManagement (9.0.4.0066)">
          <package>msdynce_LeadManagementAnchor (9.0.21122.10002)</package>
        </Required>
        <Dependent type="26" schemaName="Not Serviceable Leads" displayName="Not Serviceable Leads" parentSchemaName="lead" parentDisplayName="Lead" id="{9f461cd5-9c24-eb11-a813-000d3a995243}" />
      </MissingDependency>
      <MissingDependency>
        <Required type="2" schemaName="fullname" displayName="Name" parentSchemaName="lead" parentDisplayName="Lead" solution="msdynce_LeadManagement (9.0.4.0066)">
          <package>msdynce_LeadManagementAnchor (9.0.21122.10002)</package>
        </Required>
        <Dependent type="26" schemaName="New Leads" displayName="New Leads" parentSchemaName="lead" parentDisplayName="Lead" id="{f027ed52-9b24-eb11-a813-000d3a995243}" />
      </MissingDependency>
      <MissingDependency>
        <Required type="2" schemaName="fullname" displayName="Name" parentSchemaName="lead" parentDisplayName="Lead" solution="msdynce_LeadManagement (9.0.4.0066)">
          <package>msdynce_LeadManagementAnchor (9.0.21122.10002)</package>
        </Required>
        <Dependent type="29" displayName="Lead Serviceability Flow" id="{baf92b1d-6630-44cd-bf7f-e8014178bf65}" />
      </MissingDependency>
      <MissingDependency>
        <Required type="2" schemaName="fullname" displayName="Name" parentSchemaName="lead" parentDisplayName="Lead" solution="msdynce_LeadManagement (9.0.4.0066)">
          <package>msdynce_LeadManagementAnchor (9.0.21122.10002)</package>
        </Required>
        <Dependent type="60" displayName="Telco Lead" parentDisplayName="Lead" id="{129da70b-c11f-eb11-a814-000d3a8bf344}" />
      </MissingDependency>
      <MissingDependency>
        <Required type="2" schemaName="industrycode" displayName="Industry" parentSchemaName="lead" parentDisplayName="Lead" solution="msdynce_LeadManagement (9.0.4.0066)">
          <package>msdynce_LeadManagementAnchor (9.0.21122.10002)</package>
        </Required>
        <Dependent type="60" displayName="Telco Lead" parentDisplayName="Lead" id="{129da70b-c11f-eb11-a814-000d3a8bf344}" />
      </MissingDependency>
      <MissingDependency>
        <Required type="2" schemaName="jobtitle" displayName="Job Title" parentSchemaName="lead" parentDisplayName="Lead" solution="msdynce_LeadManagement (9.0.4.0066)">
          <package>msdynce_LeadManagementAnchor (9.0.21122.10002)</package>
        </Required>
        <Dependent type="60" displayName="Telco Lead" parentDisplayName="Lead" id="{129da70b-c11f-eb11-a814-000d3a8bf344}" />
      </MissingDependency>
      <MissingDependency>
        <Required type="2" schemaName="lastusedincampaign" displayName="Last Campaign Date" parentSchemaName="lead" parentDisplayName="Lead" solution="msdynce_LeadManagement (9.0.4.0066)">
          <package>msdynce_LeadManagementAnchor (9.0.21122.10002)</package>
        </Required>
        <Dependent type="60" displayName="Telco Lead" parentDisplayName="Lead" id="{129da70b-c11f-eb11-a814-000d3a8bf344}" />
      </MissingDependency>
      <MissingDependency>
        <Required type="2" schemaName="leadid" displayName="Lead" parentSchemaName="lead" parentDisplayName="Lead" solution="msdynce_LeadManagement (9.0.4.0066)">
          <package>msdynce_LeadManagementAnchor (9.0.21122.10002)</package>
        </Required>
        <Dependent type="10" schemaName="bpf_lead_mstelco_leadserviceabilityflow" displayName="bpf_lead_mstelco_leadserviceabilityflow" parentSchemaName="lead" parentDisplayName="Lead" />
      </MissingDependency>
      <MissingDependency>
        <Required type="2" schemaName="leadid" displayName="Lead" parentSchemaName="lead" parentDisplayName="Lead" solution="msdynce_LeadManagement (9.0.4.0066)">
          <package>msdynce_LeadManagementAnchor (9.0.21122.10002)</package>
        </Required>
        <Dependent type="26" schemaName="Active Lead Serviceability Flow on my Leads" displayName="Active Lead Serviceability Flow on my Leads" parentSchemaName="mstelco_leadserviceabilityflow" parentDisplayName="Lead Serviceability Flow" id="{30fed3de-a213-4d3a-9efe-2c4b41bd2600}" />
      </MissingDependency>
      <MissingDependency>
        <Required type="2" schemaName="leadid" displayName="Lead" parentSchemaName="lead" parentDisplayName="Lead" solution="msdynce_LeadManagement (9.0.4.0066)">
          <package>msdynce_LeadManagementAnchor (9.0.21122.10002)</package>
        </Required>
        <Dependent type="26" schemaName="Serviceable Leads" displayName="Serviceable Leads" parentSchemaName="lead" parentDisplayName="Lead" id="{4aa5dfc2-9c24-eb11-a813-000d3a995243}" />
      </MissingDependency>
      <MissingDependency>
        <Required type="2" schemaName="leadid" displayName="Lead" parentSchemaName="lead" parentDisplayName="Lead" solution="msdynce_LeadManagement (9.0.4.0066)">
          <package>msdynce_LeadManagementAnchor (9.0.21122.10002)</package>
        </Required>
        <Dependent type="26" schemaName="Telco Sales Leads" displayName="Telco Sales Leads" parentSchemaName="lead" parentDisplayName="Lead" id="{4d972b33-2634-eb11-a813-000d3a8d984c}" />
      </MissingDependency>
      <MissingDependency>
        <Required type="2" schemaName="leadid" displayName="Lead" parentSchemaName="lead" parentDisplayName="Lead" solution="msdynce_LeadManagement (9.0.4.0066)">
          <package>msdynce_LeadManagementAnchor (9.0.21122.10002)</package>
        </Required>
        <Dependent type="26" schemaName="Not Serviceable Leads" displayName="Not Serviceable Leads" parentSchemaName="lead" parentDisplayName="Lead" id="{9f461cd5-9c24-eb11-a813-000d3a995243}" />
      </MissingDependency>
      <MissingDependency>
        <Required type="2" schemaName="leadid" displayName="Lead" parentSchemaName="lead" parentDisplayName="Lead" solution="msdynce_LeadManagement (9.0.4.0066)">
          <package>msdynce_LeadManagementAnchor (9.0.21122.10002)</package>
        </Required>
        <Dependent type="26" schemaName="Open Leads" displayName="Open Leads" parentSchemaName="mstelco_leadserviceabilityflow" parentDisplayName="Lead Serviceability Flow" id="{b0698ee6-7c2e-eb11-a813-000d3a8d984c}" />
      </MissingDependency>
      <MissingDependency>
        <Required type="2" schemaName="leadid" displayName="Lead" parentSchemaName="lead" parentDisplayName="Lead" solution="msdynce_LeadManagement (9.0.4.0066)">
          <package>msdynce_LeadManagementAnchor (9.0.21122.10002)</package>
        </Required>
        <Dependent type="26" schemaName="Inactive Lead Serviceability Flow on my Leads" displayName="Inactive Lead Serviceability Flow on my Leads" parentSchemaName="mstelco_leadserviceabilityflow" parentDisplayName="Lead Serviceability Flow" id="{c4dda110-172e-4159-aba4-b348423e0421}" />
      </MissingDependency>
      <MissingDependency>
        <Required type="2" schemaName="leadid" displayName="Lead" parentSchemaName="lead" parentDisplayName="Lead" solution="msdynce_LeadManagement (9.0.4.0066)">
          <package>msdynce_LeadManagementAnchor (9.0.21122.10002)</package>
        </Required>
        <Dependent type="26" schemaName="New Leads" displayName="New Leads" parentSchemaName="lead" parentDisplayName="Lead" id="{f027ed52-9b24-eb11-a813-000d3a995243}" />
      </MissingDependency>
      <MissingDependency>
        <Required type="2" schemaName="leadid" displayName="Lead" parentSchemaName="lead" parentDisplayName="Lead" solution="msdynce_LeadManagement (9.0.4.0066)">
          <package>msdynce_LeadManagementAnchor (9.0.21122.10002)</package>
        </Required>
        <Dependent type="29" displayName="Lead Serviceability Flow" id="{baf92b1d-6630-44cd-bf7f-e8014178bf65}" />
      </MissingDependency>
      <MissingDependency>
        <Required type="2" schemaName="leadid" displayName="Lead" parentSchemaName="lead" parentDisplayName="Lead" solution="msdynce_LeadManagement (9.0.4.0066)">
          <package>msdynce_LeadManagementAnchor (9.0.21122.10002)</package>
        </Required>
        <Dependent type="59" schemaName="Number of Leads by Serviceability Status" displayName="Number of Leads by Serviceability Status" parentSchemaName="lead" parentDisplayName="Lead" id="{45ce8b59-ae29-eb11-a813-000d3a111312}" />
      </MissingDependency>
      <MissingDependency>
        <Required type="2" schemaName="leadid" displayName="Lead" parentSchemaName="lead" parentDisplayName="Lead" solution="msdynce_LeadManagement (9.0.4.0066)">
          <package>msdynce_LeadManagementAnchor (9.0.21122.10002)</package>
        </Required>
        <Dependent type="59" schemaName="Number of Leads by Stage" displayName="Number of Leads by Stage" parentSchemaName="lead" parentDisplayName="Lead" id="{b5ef1111-ae29-eb11-a813-000d3a111312}" />
      </MissingDependency>
      <MissingDependency>
        <Required type="2" schemaName="leadqualitycode" displayName="Rating" parentSchemaName="lead" parentDisplayName="Lead" solution="msdynce_LeadManagement (9.0.4.0066)">
          <package>msdynce_LeadManagementAnchor (9.0.21122.10002)</package>
        </Required>
        <Dependent type="60" displayName="Telco Lead" parentDisplayName="Lead" id="{129da70b-c11f-eb11-a814-000d3a8bf344}" />
      </MissingDependency>
      <MissingDependency>
        <Required type="2" schemaName="mobilephone" displayName="Mobile Phone" parentSchemaName="lead" parentDisplayName="Lead" solution="msdynce_LeadManagement (9.0.4.0066)">
          <package>msdynce_LeadManagementAnchor (9.0.21122.10002)</package>
        </Required>
        <Dependent type="60" displayName="Telco Lead" parentDisplayName="Lead" id="{129da70b-c11f-eb11-a814-000d3a8bf344}" />
      </MissingDependency>
      <MissingDependency>
        <Required type="2" schemaName="mstelco_serviceabilitylastchecked" displayName="Serviceability Last Checked" parentSchemaName="lead" parentDisplayName="Lead" solution="TelcoSalesCDM (2.0.3.0)" />
        <Dependent type="60" displayName="Telco Lead" parentDisplayName="Lead" id="{129da70b-c11f-eb11-a814-000d3a8bf344}" />
      </MissingDependency>
      <MissingDependency>
        <Required type="2" schemaName="mstelco_serviceabilitystatus" displayName="Serviceability Status" parentSchemaName="lead" parentDisplayName="Lead" solution="TelcoSalesCDM (2.0.3.0)" />
        <Dependent type="26" schemaName="Serviceable Leads" displayName="Serviceable Leads" parentSchemaName="lead" parentDisplayName="Lead" id="{4aa5dfc2-9c24-eb11-a813-000d3a995243}" />
      </MissingDependency>
      <MissingDependency>
        <Required type="2" schemaName="mstelco_serviceabilitystatus" displayName="Serviceability Status" parentSchemaName="lead" parentDisplayName="Lead" solution="TelcoSalesCDM (2.0.3.0)" />
        <Dependent type="26" schemaName="Telco Sales Leads" displayName="Telco Sales Leads" parentSchemaName="lead" parentDisplayName="Lead" id="{4d972b33-2634-eb11-a813-000d3a8d984c}" />
      </MissingDependency>
      <MissingDependency>
        <Required type="2" schemaName="mstelco_serviceabilitystatus" displayName="Serviceability Status" parentSchemaName="lead" parentDisplayName="Lead" solution="TelcoSalesCDM (2.0.3.0)" />
        <Dependent type="26" schemaName="Not Serviceable Leads" displayName="Not Serviceable Leads" parentSchemaName="lead" parentDisplayName="Lead" id="{9f461cd5-9c24-eb11-a813-000d3a995243}" />
      </MissingDependency>
      <MissingDependency>
        <Required type="2" schemaName="mstelco_serviceabilitystatus" displayName="Serviceability Status" parentSchemaName="lead" parentDisplayName="Lead" solution="TelcoSalesCDM (2.0.3.0)" />
        <Dependent type="26" schemaName="New Leads" displayName="New Leads" parentSchemaName="lead" parentDisplayName="Lead" id="{f027ed52-9b24-eb11-a813-000d3a995243}" />
      </MissingDependency>
      <MissingDependency>
        <Required type="2" schemaName="mstelco_serviceabilitystatus" displayName="Serviceability Status" parentSchemaName="lead" parentDisplayName="Lead" solution="TelcoSalesCDM (2.0.3.0)" />
        <Dependent type="29" displayName="Lead Serviceability Flow" id="{baf92b1d-6630-44cd-bf7f-e8014178bf65}" />
      </MissingDependency>
      <MissingDependency>
        <Required type="2" schemaName="mstelco_serviceabilitystatus" displayName="Serviceability Status" parentSchemaName="lead" parentDisplayName="Lead" solution="TelcoSalesCDM (2.0.3.0)" />
        <Dependent type="59" schemaName="Number of Leads by Serviceability Status" displayName="Number of Leads by Serviceability Status" parentSchemaName="lead" parentDisplayName="Lead" id="{45ce8b59-ae29-eb11-a813-000d3a111312}" />
      </MissingDependency>
      <MissingDependency>
        <Required type="2" schemaName="mstelco_serviceabilitystatus" displayName="Serviceability Status" parentSchemaName="lead" parentDisplayName="Lead" solution="TelcoSalesCDM (2.0.3.0)" />
        <Dependent type="60" displayName="Telco Lead" parentDisplayName="Lead" id="{129da70b-c11f-eb11-a814-000d3a8bf344}" />
      </MissingDependency>
      <MissingDependency>
        <Required type="2" schemaName="mstelco_serviceabilitystatus" displayName="Serviceability Status" parentSchemaName="lead" parentDisplayName="Lead" solution="TelcoSalesCDM (2.0.3.0)" />
        <Dependent type="60" displayName="Information" parentDisplayName="Lead Serviceability Flow" id="{61c1530f-aed1-4d58-9a23-27797e462b56}" />
      </MissingDependency>
      <MissingDependency>
        <Required type="2" schemaName="numberofemployees" displayName="No. of Employees" parentSchemaName="lead" parentDisplayName="Lead" solution="msdynce_LeadManagement (9.0.4.0066)">
          <package>msdynce_LeadManagementAnchor (9.0.21122.10002)</package>
        </Required>
        <Dependent type="60" displayName="Telco Lead" parentDisplayName="Lead" id="{129da70b-c11f-eb11-a814-000d3a8bf344}" />
      </MissingDependency>
      <MissingDependency>
        <Required type="2" schemaName="ownerid" displayName="Owner" parentSchemaName="lead" parentDisplayName="Lead" solution="msdynce_LeadManagement (9.0.4.0066)">
          <package>msdynce_LeadManagementAnchor (9.0.21122.10002)</package>
        </Required>
        <Dependent type="26" schemaName="Active Lead Serviceability Flow on my Leads" displayName="Active Lead Serviceability Flow on my Leads" parentSchemaName="mstelco_leadserviceabilityflow" parentDisplayName="Lead Serviceability Flow" id="{30fed3de-a213-4d3a-9efe-2c4b41bd2600}" />
      </MissingDependency>
      <MissingDependency>
        <Required type="2" schemaName="ownerid" displayName="Owner" parentSchemaName="lead" parentDisplayName="Lead" solution="msdynce_LeadManagement (9.0.4.0066)">
          <package>msdynce_LeadManagementAnchor (9.0.21122.10002)</package>
        </Required>
        <Dependent type="26" schemaName="Serviceable Leads" displayName="Serviceable Leads" parentSchemaName="lead" parentDisplayName="Lead" id="{4aa5dfc2-9c24-eb11-a813-000d3a995243}" />
      </MissingDependency>
      <MissingDependency>
        <Required type="2" schemaName="ownerid" displayName="Owner" parentSchemaName="lead" parentDisplayName="Lead" solution="msdynce_LeadManagement (9.0.4.0066)">
          <package>msdynce_LeadManagementAnchor (9.0.21122.10002)</package>
        </Required>
        <Dependent type="26" schemaName="Telco Sales Leads" displayName="Telco Sales Leads" parentSchemaName="lead" parentDisplayName="Lead" id="{4d972b33-2634-eb11-a813-000d3a8d984c}" />
      </MissingDependency>
      <MissingDependency>
        <Required type="2" schemaName="ownerid" displayName="Owner" parentSchemaName="lead" parentDisplayName="Lead" solution="msdynce_LeadManagement (9.0.4.0066)">
          <package>msdynce_LeadManagementAnchor (9.0.21122.10002)</package>
        </Required>
        <Dependent type="26" schemaName="Not Serviceable Leads" displayName="Not Serviceable Leads" parentSchemaName="lead" parentDisplayName="Lead" id="{9f461cd5-9c24-eb11-a813-000d3a995243}" />
      </MissingDependency>
      <MissingDependency>
        <Required type="2" schemaName="ownerid" displayName="Owner" parentSchemaName="lead" parentDisplayName="Lead" solution="msdynce_LeadManagement (9.0.4.0066)">
          <package>msdynce_LeadManagementAnchor (9.0.21122.10002)</package>
        </Required>
        <Dependent type="26" schemaName="Inactive Lead Serviceability Flow on my Leads" displayName="Inactive Lead Serviceability Flow on my Leads" parentSchemaName="mstelco_leadserviceabilityflow" parentDisplayName="Lead Serviceability Flow" id="{c4dda110-172e-4159-aba4-b348423e0421}" />
      </MissingDependency>
      <MissingDependency>
        <Required type="2" schemaName="ownerid" displayName="Owner" parentSchemaName="lead" parentDisplayName="Lead" solution="msdynce_LeadManagement (9.0.4.0066)">
          <package>msdynce_LeadManagementAnchor (9.0.21122.10002)</package>
        </Required>
        <Dependent type="26" schemaName="New Leads" displayName="New Leads" parentSchemaName="lead" parentDisplayName="Lead" id="{f027ed52-9b24-eb11-a813-000d3a995243}" />
      </MissingDependency>
      <MissingDependency>
        <Required type="2" schemaName="ownerid" displayName="Owner" parentSchemaName="lead" parentDisplayName="Lead" solution="msdynce_LeadManagement (9.0.4.0066)">
          <package>msdynce_LeadManagementAnchor (9.0.21122.10002)</package>
        </Required>
        <Dependent type="60" displayName="Telco Lead" parentDisplayName="Lead" id="{129da70b-c11f-eb11-a814-000d3a8bf344}" />
      </MissingDependency>
      <MissingDependency>
        <Required type="2" schemaName="preferredcontactmethodcode" displayName="Preferred Method of Contact" parentSchemaName="lead" parentDisplayName="Lead" solution="msdynce_LeadManagement (9.0.4.0066)">
          <package>msdynce_LeadManagementAnchor (9.0.21122.10002)</package>
        </Required>
        <Dependent type="60" displayName="Telco Lead" parentDisplayName="Lead" id="{129da70b-c11f-eb11-a814-000d3a8bf344}" />
      </MissingDependency>
      <MissingDependency>
        <Required type="2" schemaName="revenue" displayName="Annual Revenue" parentSchemaName="lead" parentDisplayName="Lead" solution="msdynce_LeadManagement (9.0.4.0066)">
          <package>msdynce_LeadManagementAnchor (9.0.21122.10002)</package>
        </Required>
        <Dependent type="60" displayName="Telco Lead" parentDisplayName="Lead" id="{129da70b-c11f-eb11-a814-000d3a8bf344}" />
      </MissingDependency>
      <MissingDependency>
        <Required type="2" schemaName="salesstage" displayName="Sales Stage" parentSchemaName="lead" parentDisplayName="Lead" solution="msdynce_LeadManagement (9.0.4.0066)">
          <package>msdynce_LeadManagementAnchor (9.0.21122.10002)</package>
        </Required>
        <Dependent type="59" schemaName="Number of Leads by Stage" displayName="Number of Leads by Stage" parentSchemaName="lead" parentDisplayName="Lead" id="{b5ef1111-ae29-eb11-a813-000d3a111312}" />
      </MissingDependency>
      <MissingDependency>
        <Required type="2" schemaName="sic" displayName="SIC Code" parentSchemaName="lead" parentDisplayName="Lead" solution="msdynce_LeadManagement (9.0.4.0066)">
          <package>msdynce_LeadManagementAnchor (9.0.21122.10002)</package>
        </Required>
        <Dependent type="60" displayName="Telco Lead" parentDisplayName="Lead" id="{129da70b-c11f-eb11-a814-000d3a8bf344}" />
      </MissingDependency>
      <MissingDependency>
        <Required type="2" schemaName="statecode" displayName="Status" parentSchemaName="lead" parentDisplayName="Lead" solution="msdynce_LeadManagement (9.0.4.0066)">
          <package>msdynce_LeadManagementAnchor (9.0.21122.10002)</package>
        </Required>
        <Dependent type="26" schemaName="Not Serviceable Leads" displayName="Not Serviceable Leads" parentSchemaName="lead" parentDisplayName="Lead" id="{9f461cd5-9c24-eb11-a813-000d3a995243}" />
      </MissingDependency>
      <MissingDependency>
        <Required type="2" schemaName="statecode" displayName="Status" parentSchemaName="lead" parentDisplayName="Lead" solution="msdynce_LeadManagement (9.0.4.0066)">
          <package>msdynce_LeadManagementAnchor (9.0.21122.10002)</package>
        </Required>
        <Dependent type="26" schemaName="Open Leads" displayName="Open Leads" parentSchemaName="mstelco_leadserviceabilityflow" parentDisplayName="Lead Serviceability Flow" id="{b0698ee6-7c2e-eb11-a813-000d3a8d984c}" />
      </MissingDependency>
      <MissingDependency>
        <Required type="2" schemaName="statecode" displayName="Status" parentSchemaName="lead" parentDisplayName="Lead" solution="msdynce_LeadManagement (9.0.4.0066)">
          <package>msdynce_LeadManagementAnchor (9.0.21122.10002)</package>
        </Required>
        <Dependent type="26" schemaName="New Leads" displayName="New Leads" parentSchemaName="lead" parentDisplayName="Lead" id="{f027ed52-9b24-eb11-a813-000d3a995243}" />
      </MissingDependency>
      <MissingDependency>
        <Required type="2" schemaName="statuscode" displayName="Status Reason" parentSchemaName="lead" parentDisplayName="Lead" solution="msdynce_LeadManagement (9.0.4.0066)">
          <package>msdynce_LeadManagementAnchor (9.0.21122.10002)</package>
        </Required>
        <Dependent type="26" schemaName="Serviceable Leads" displayName="Serviceable Leads" parentSchemaName="lead" parentDisplayName="Lead" id="{4aa5dfc2-9c24-eb11-a813-000d3a995243}" />
      </MissingDependency>
      <MissingDependency>
        <Required type="2" schemaName="statuscode" displayName="Status Reason" parentSchemaName="lead" parentDisplayName="Lead" solution="msdynce_LeadManagement (9.0.4.0066)">
          <package>msdynce_LeadManagementAnchor (9.0.21122.10002)</package>
        </Required>
        <Dependent type="26" schemaName="Telco Sales Leads" displayName="Telco Sales Leads" parentSchemaName="lead" parentDisplayName="Lead" id="{4d972b33-2634-eb11-a813-000d3a8d984c}" />
      </MissingDependency>
      <MissingDependency>
        <Required type="2" schemaName="statuscode" displayName="Status Reason" parentSchemaName="lead" parentDisplayName="Lead" solution="msdynce_LeadManagement (9.0.4.0066)">
          <package>msdynce_LeadManagementAnchor (9.0.21122.10002)</package>
        </Required>
        <Dependent type="26" schemaName="Not Serviceable Leads" displayName="Not Serviceable Leads" parentSchemaName="lead" parentDisplayName="Lead" id="{9f461cd5-9c24-eb11-a813-000d3a995243}" />
      </MissingDependency>
      <MissingDependency>
        <Required type="2" schemaName="statuscode" displayName="Status Reason" parentSchemaName="lead" parentDisplayName="Lead" solution="msdynce_LeadManagement (9.0.4.0066)">
          <package>msdynce_LeadManagementAnchor (9.0.21122.10002)</package>
        </Required>
        <Dependent type="26" schemaName="New Leads" displayName="New Leads" parentSchemaName="lead" parentDisplayName="Lead" id="{f027ed52-9b24-eb11-a813-000d3a995243}" />
      </MissingDependency>
      <MissingDependency>
        <Required type="2" schemaName="statuscode" displayName="Status Reason" parentSchemaName="lead" parentDisplayName="Lead" solution="msdynce_LeadManagement (9.0.4.0066)">
          <package>msdynce_LeadManagementAnchor (9.0.21122.10002)</package>
        </Required>
        <Dependent type="60" displayName="Telco Lead" parentDisplayName="Lead" id="{129da70b-c11f-eb11-a814-000d3a8bf344}" />
      </MissingDependency>
      <MissingDependency>
        <Required type="2" schemaName="subject" displayName="Topic" parentSchemaName="lead" parentDisplayName="Lead" solution="msdynce_LeadManagement (9.0.4.0066)">
          <package>msdynce_LeadManagementAnchor (9.0.21122.10002)</package>
        </Required>
        <Dependent type="26" schemaName="Serviceable Leads" displayName="Serviceable Leads" parentSchemaName="lead" parentDisplayName="Lead" id="{4aa5dfc2-9c24-eb11-a813-000d3a995243}" />
      </MissingDependency>
      <MissingDependency>
        <Required type="2" schemaName="subject" displayName="Topic" parentSchemaName="lead" parentDisplayName="Lead" solution="msdynce_LeadManagement (9.0.4.0066)">
          <package>msdynce_LeadManagementAnchor (9.0.21122.10002)</package>
        </Required>
        <Dependent type="26" schemaName="Telco Sales Leads" displayName="Telco Sales Leads" parentSchemaName="lead" parentDisplayName="Lead" id="{4d972b33-2634-eb11-a813-000d3a8d984c}" />
      </MissingDependency>
      <MissingDependency>
        <Required type="2" schemaName="subject" displayName="Topic" parentSchemaName="lead" parentDisplayName="Lead" solution="msdynce_LeadManagement (9.0.4.0066)">
          <package>msdynce_LeadManagementAnchor (9.0.21122.10002)</package>
        </Required>
        <Dependent type="26" schemaName="Not Serviceable Leads" displayName="Not Serviceable Leads" parentSchemaName="lead" parentDisplayName="Lead" id="{9f461cd5-9c24-eb11-a813-000d3a995243}" />
      </MissingDependency>
      <MissingDependency>
        <Required type="2" schemaName="subject" displayName="Topic" parentSchemaName="lead" parentDisplayName="Lead" solution="msdynce_LeadManagement (9.0.4.0066)">
          <package>msdynce_LeadManagementAnchor (9.0.21122.10002)</package>
        </Required>
        <Dependent type="26" schemaName="New Leads" displayName="New Leads" parentSchemaName="lead" parentDisplayName="Lead" id="{f027ed52-9b24-eb11-a813-000d3a995243}" />
      </MissingDependency>
      <MissingDependency>
        <Required type="2" schemaName="subject" displayName="Topic" parentSchemaName="lead" parentDisplayName="Lead" solution="msdynce_LeadManagement (9.0.4.0066)">
          <package>msdynce_LeadManagementAnchor (9.0.21122.10002)</package>
        </Required>
        <Dependent type="60" displayName="Telco Lead" parentDisplayName="Lead" id="{129da70b-c11f-eb11-a814-000d3a8bf344}" />
      </MissingDependency>
      <MissingDependency>
        <Required type="2" schemaName="telephone1" displayName="Business Phone" parentSchemaName="lead" parentDisplayName="Lead" solution="msdynce_LeadManagement (9.0.4.0066)">
          <package>msdynce_LeadManagementAnchor (9.0.21122.10002)</package>
        </Required>
        <Dependent type="60" displayName="Telco Lead" parentDisplayName="Lead" id="{129da70b-c11f-eb11-a814-000d3a8bf344}" />
      </MissingDependency>
      <MissingDependency>
        <Required type="2" schemaName="transactioncurrencyid" displayName="Currency" parentSchemaName="lead" parentDisplayName="Lead" solution="msdynce_LeadManagement (9.0.4.0066)">
          <package>msdynce_LeadManagementAnchor (9.0.21122.10002)</package>
        </Required>
        <Dependent type="60" displayName="Telco Lead" parentDisplayName="Lead" id="{129da70b-c11f-eb11-a814-000d3a8bf344}" />
      </MissingDependency>
      <MissingDependency>
        <Required type="2" schemaName="websiteurl" displayName="Website" parentSchemaName="lead" parentDisplayName="Lead" solution="msdynce_LeadManagement (9.0.4.0066)">
          <package>msdynce_LeadManagementAnchor (9.0.21122.10002)</package>
        </Required>
        <Dependent type="60" displayName="Telco Lead" parentDisplayName="Lead" id="{129da70b-c11f-eb11-a814-000d3a8bf344}" />
      </MissingDependency>
      <MissingDependency>
        <Required type="2" schemaName="yomifullname" displayName="Yomi Full Name" parentSchemaName="lead" parentDisplayName="Lead" solution="msdynce_LeadManagement (9.0.4.0066)">
          <package>msdynce_LeadManagementAnchor (9.0.21122.10002)</package>
        </Required>
        <Dependent type="10" schemaName="bpf_lead_mstelco_leadserviceabilityflow" displayName="bpf_lead_mstelco_leadserviceabilityflow" parentSchemaName="lead" parentDisplayName="Lead" />
      </MissingDependency>
      <MissingDependency>
        <Required type="26" schemaName="My Open Leads" displayName="My Open Leads" parentSchemaName="lead" parentDisplayName="Lead" solution="msdynce_LeadManagement (9.0.4.0066)" id="{00000000-0000-0000-00aa-000010001005}">
          <package>msdynce_LeadManagementAnchor (9.0.21122.10002)</package>
        </Required>
        <Dependent type="26" schemaName="My Open Leads" displayName="My Open Leads" parentSchemaName="lead" parentDisplayName="Lead" id="{00000000-0000-0000-00aa-000010001005}" />
      </MissingDependency>
      <MissingDependency>
        <Required type="26" schemaName="Campaign Lookup View" displayName="Campaign Lookup View" parentSchemaName="campaign" parentDisplayName="Campaign" solution="msdynce_Marketing (9.0.4.37)" id="{0e76dc73-2052-484e-8c00-a760f8d522ec}">
          <package>msdynce_MarketingAnchor (9.0.21122.10001)</package>
        </Required>
        <Dependent type="60" displayName="Telco Lead" parentDisplayName="Lead" id="{129da70b-c11f-eb11-a814-000d3a8bf344}" />
      </MissingDependency>
      <MissingDependency>
        <Required type="26" schemaName="All Competitors (summary)" displayName="All Competitors (summary)" parentSchemaName="competitor" parentDisplayName="Competitor" solution="msdynce_Sales (9.0.4.0076)" id="{57bca9ac-87a0-4c28-adc8-2d0a4645f29e}">
          <package>msdynce_SalesAnchor (9.0.21122.10002)</package>
        </Required>
        <Dependent type="60" displayName="Telco Lead" parentDisplayName="Lead" id="{129da70b-c11f-eb11-a814-000d3a8bf344}" />
      </MissingDependency>
      <MissingDependency>
        <Required type="59" schemaName="Leads by Rating" displayName="Leads by Rating" parentSchemaName="lead" parentDisplayName="Lead" solution="msdynce_LeadManagement (9.0.4.0066)" id="{f5976c58-5693-de11-97d4-00155da3b01e}">
          <package>msdynce_LeadManagementAnchor (9.0.21122.10002)</package>
        </Required>
        <Dependent type="60" displayName="Telco Leads Dashboard" id="{827f99a7-5e24-eb11-a813-000d3a111312}" />
      </MissingDependency>
      <MissingDependency>
        <Required type="60" displayName="Sales Performance Dashboard" solution="msdynce_Sales (9.0.4.0076)" id="{25b754f5-7563-df11-ae90-00155d2e3002}">
          <package>msdynce_SalesAnchor (9.0.21122.10002)</package>
        </Required>
        <Dependent type="80" schemaName="mstelco_TelcoSales" displayName="Telco Sales" />
      </MissingDependency>
      <MissingDependency>
        <Required type="60" displayName="Sales Activity Social Dashboard" solution="msdynce_Sales (9.0.4.0076)" id="{2701de60-8f2a-48a4-8262-4a35ca7441fa}">
          <package>msdynce_SalesAnchor (9.0.21122.10002)</package>
        </Required>
        <Dependent type="80" schemaName="mstelco_TelcoSales" displayName="Telco Sales" />
      </MissingDependency>
      <MissingDependency>
        <Required type="60" displayName="Sales Overview Dashboard" solution="msdynce_Sales (9.0.4.0076)" id="{3b5d39a7-b216-e711-80d8-00155d896f83}">
          <package>msdynce_SalesAnchor (9.0.21122.10002)</package>
        </Required>
        <Dependent type="80" schemaName="mstelco_TelcoSales" displayName="Telco Sales" />
      </MissingDependency>
      <MissingDependency>
        <Required type="60" displayName="Sales Activity Dashboard" solution="msdynce_Sales (9.0.4.0076)" id="{45f88f83-0e67-443b-bd05-81d49719f6b1}">
          <package>msdynce_SalesAnchor (9.0.21122.10002)</package>
        </Required>
        <Dependent type="80" schemaName="mstelco_TelcoSales" displayName="Telco Sales" />
      </MissingDependency>
      <MissingDependency>
        <Required type="60" displayName="Sales Dashboard" solution="msdynce_Sales (9.0.4.0076)" id="{d1f511a8-1ead-e211-bb72-00155da9a201}">
          <package>msdynce_SalesAnchor (9.0.21122.10002)</package>
        </Required>
        <Dependent type="80" schemaName="mstelco_TelcoSales" displayName="Telco Sales" />
      </MissingDependency>
      <MissingDependency>
        <Required type="66" schemaName="Intelligence.BusinessCardReaderControl.BusinessCardReader" displayName="Intelligence.BusinessCardReaderControl.BusinessCardReader" solution="BaseCustomControlsCore (9.0.2112.2010)" />
        <Dependent type="60" displayName="Telco Lead" parentDisplayName="Lead" id="{129da70b-c11f-eb11-a814-000d3a8bf344}" />
      </MissingDependency>
      <MissingDependency>
        <Required type="66" schemaName="MscrmControls.Canvas.CanvasControl" displayName="MscrmControls.Canvas.CanvasControl" solution="BaseCustomControlsCore (9.0.2112.2010)" />
        <Dependent type="60" displayName="Telco Lead" parentDisplayName="Lead" id="{129da70b-c11f-eb11-a814-000d3a8bf344}" />
      </MissingDependency>
      <MissingDependency>
        <Required type="66" schemaName="MscrmControls.CardFeedContainer.CardFeedContainer" displayName="MscrmControls.CardFeedContainer.CardFeedContainer" solution="BaseCustomControlsCore (9.0.2112.2010)" />
        <Dependent type="60" displayName="Telco Lead" parentDisplayName="Lead" id="{129da70b-c11f-eb11-a814-000d3a8bf344}" />
      </MissingDependency>
      <MissingDependency>
        <Required type="66" schemaName="MscrmControls.FlipSwitch.FlipSwitchControl" displayName="MscrmControls.FlipSwitch.FlipSwitchControl" solution="CustomControlsCore (9.2.21122.00157)" />
        <Dependent type="60" displayName="Telco Lead" parentDisplayName="Lead" id="{129da70b-c11f-eb11-a814-000d3a8bf344}" />
      </MissingDependency>
      <MissingDependency>
        <Required type="66" schemaName="MscrmControls.Grid.ReadOnlyGrid" displayName="MscrmControls.Grid.ReadOnlyGrid" solution="BaseCustomControlsCore (9.0.2112.2010)" />
        <Dependent type="60" displayName="Telco Lead" parentDisplayName="Lead" id="{129da70b-c11f-eb11-a814-000d3a8bf344}" />
      </MissingDependency>
    </MissingDependencies>
  </SolutionManifest>
</ImportExportXml>