<ImportExportXml xmlns:xsi="http://www.w3.org/2001/XMLSchema-instance">
  <Entities>
    <Entity>
      <Name LocalizedName="Geographic Address" OriginalName="Geographic Address">mstelco_GeographicAddress</Name>
      <FormXml>
        <forms type="main">
          <systemform>
            <formid>{0dfee497-5765-4bab-87a4-d78fb3cb9d3c}</formid>
            <IntroducedVersion>1.0.0.0</IntroducedVersion>
            <FormPresentation>1</FormPresentation>
            <FormActivationState>1</FormActivationState>
            <form headerdensity="HighWithControls">
              <tabs>
                <tab verticallayout="true" id="{54a9a3c2-cd51-4fd4-bc6f-0b52952b9721}" IsUserDefined="1" name="{54a9a3c2-cd51-4fd4-bc6f-0b52952b9721}" locklevel="0" expanded="true" showlabel="true" ordinalvalue="0">
                  <columns>
                    <column width="50%" id="0">
                      <sections>
                        <section showlabel="true" showbar="false" IsUserDefined="0" id="{629d2ebd-320b-4e2a-ae84-e6aa39363dfe}" name="{629d2ebd-320b-4e2a-ae84-e6aa39363dfe}" columns="1" locklevel="0" labelwidth="130" celllabelalignment="Left" celllabelposition="Left" ordinalvalue="0">
                          <rows>
                            <row>
                              <cell id="{d905ab78-14ec-5dce-bd53-0ad6be46e317}" showlabel="true" locklevel="0" ordinalvalue="10003" solutionaction="Removed" />
                            </row>
                            <row>
                              <cell id="{5664222d-deb8-a846-e9a3-c9d2837647ca}" showlabel="true" locklevel="0" ordinalvalue="10003" solutionaction="Added">
                                <labels>
                                  <label description="Address Status" languagecode="1033" />
                                </labels>
                                <control id="mstelco_geographicaddressstatus" classid="{3EF39988-22BB-4f0b-BBBE-64B5A3748AEE}" datafieldname="mstelco_geographicaddressstatus" disabled="false" />
                              </cell>
                            </row>
                          </rows>
                        </section>
                      </sections>
                    </column>
                    <column width="50%" id="1">
                      <sections>
                        <section name="section_map" showlabel="true" showbar="false" locklevel="0" id="{16103ece-e2a0-8bb9-ec91-6ed441a56e6e}" IsUserDefined="0" layout="varwidth" columns="1" labelwidth="115" celllabelalignment="Left" celllabelposition="Left" ordinalvalue="0">
                          <rows>
                            <row>
                              <cell id="{7cae0830-008b-9d98-421e-0aaac43c806b}" showlabel="false" ordinalvalue="10000" solutionaction="Removed" />
                            </row>
                            <row>
                              <cell id="{0cc96484-ccd6-8209-a8bd-1787909eecb1}" showlabel="false" locklevel="0" ordinalvalue="10000" solutionaction="Added">
                                <labels>
                                  <label description="Street Number Last Suffix" languagecode="1033" />
                                </labels>
                                <control id="mstelco_streetnumberlastsuffix" classid="{F9A8A302-114E-466A-B582-6771B2AE0D92}" datafieldname="mstelco_streetnumberlastsuffix" disabled="false" uniqueid="{4bb05a75-837e-7c59-d4ba-b218c45023b0}" />
                              </cell>
                            </row>
                          </rows>
                        </section>
                        <section name="{54a9a3c2-cd51-4fd4-bc6f-0b52952b9721}_section_4" showlabel="true" showbar="false" locklevel="0" id="{d5d1c358-0cab-aa6b-dd09-c12332922889}" IsUserDefined="0" layout="varwidth" columns="1" labelwidth="130" celllabelalignment="Left" celllabelposition="Left" ordinalvalue="1">
                          <rows>
                            <row>
                              <cell id="{0c718be9-d62c-5130-c658-b34033a892d2}" showlabel="true" locklevel="0" ordinalvalue="10004">
                                <control id="mstelco_externalsystemid" classid="{270BD3DB-D9AF-4782-9025-509E298DEC0A}" datafieldname="mstelco_externalsystemid" disabled="false" uniqueid="{a253b602-c051-88c2-73d7-a78edb6ac4a1}" solutionaction="Modified" />
                              </cell>
                            </row>
                          </rows>
                        </section>
                      </sections>
                    </column>
                  </columns>
                </tab>
                <tab name="geographicsubaddress" id="{bea5e002-3e6b-6a52-0ea9-993dc2710462}" IsUserDefined="0" locklevel="0" showlabel="true" expanded="true" ordinalvalue="2" solutionaction="Modified">
                  <columns>
                    <column width="100%" id="0">
                      <sections>
                        <section name="section_mstelco_geographicsubaddresses" showlabel="false" showbar="false" locklevel="0" id="{a6d03793-161e-2b99-d03b-54019c3642bb}" IsUserDefined="0" layout="varwidth" columns="1" labelwidth="115" ordinalvalue="0">
                          <rows>
                            <row>
                              <cell id="{139c0e95-3833-2153-b925-53c280667043}" showlabel="false" colspan="1" auto="false" rowspan="7" ordinalvalue="10000">
                                <control id="geographicsubaddress_subgrid" classid="{E7A81278-8635-4d9e-8D4D-59480B391C5B}" indicationOfSubgrid="true" uniqueid="{a0dad196-9ccb-bdad-3588-4432cc76933e}" solutionaction="Modified" />
                              </cell>
                            </row>
                          </rows>
                        </section>
                      </sections>
                    </column>
                  </columns>
                </tab>
                <tab name="notes" id="{ddcac230-0496-a2e7-c6a5-c232392c8350}" IsUserDefined="0" locklevel="0" showlabel="true" expanded="true" ordinalvalue="3" solutionaction="Modified" />
                <tab name="admin" id="{8d382a3c-84d5-d3e6-eb8d-54e33b4583c8}" IsUserDefined="0" locklevel="0" showlabel="true" expanded="true" ordinalvalue="4" solutionaction="Modified" />
                <tab name="find_Address" id="de883855-f222-4247-a554-88e9583b9c2c" IsUserDefined="0" locklevel="0" showlabel="true" ordinalvalue="1" solutionaction="Added">
                  <labels>
                    <label description="Find Address" languagecode="1033" />
                  </labels>
                  <columns>
                    <column width="100%" id="0">
                      <sections>
                        <section name="tab_4_section_01" id="08ae3d0b-252f-47bb-9562-3907202145b5" IsUserDefined="0" locklevel="0" showlabel="false" showbar="false" layout="varwidth" celllabelalignment="Left" celllabelposition="Left" columns="1" labelwidth="115" ordinalvalue="0">
                          <labels>
                            <label description="New Section" languagecode="1033" />
                          </labels>
                          <rows>
                            <row>
                              <cell id="{4792a846-8ee8-1dec-c151-3e8bc49ded5c}" showlabel="false" locklevel="0" colspan="1" visible="true" ordinalvalue="10000">
                                <labels>
                                  <label description="Street Number" languagecode="1033" />
                                </labels>
                                <control id="mstelco_streetnumber" classid="{F9A8A302-114E-466A-B582-6771B2AE0D92}" datafieldname="mstelco_streetnumber" disabled="false" uniqueid="{ea651d9d-02c1-de64-058e-d76193369c8b}" />
                              </cell>
                            </row>
                          </rows>
                        </section>
                      </sections>
                    </column>
                  </columns>
                </tab>
              </tabs>
              <controlDescriptions>
                <controlDescription forControl="{ea651d9d-02c1-de64-058e-d76193369c8b}" solutionaction="Added">
                  <customControl id="{4273EDBD-AC1D-40d3-9FB2-095C621B552D}">
                    <parameters>
                      <datafieldname>mstelco_streetnumber</datafieldname>
                    </parameters>
                  </customControl>
                  <customControl formFactor="0" name="MscrmControls.Canvas.CanvasControl">
                    <parameters>
                      <record>mstelco_streetnumber</record>
                      <schema static="true" type="SingleLine.Text">{}</schema>
                      <entityName static="true" type="SingleLine.Text">Geographic Address</entityName>
                      <appName static="true" type="SingleLine.Text">mstelco_findgeoaddress_362de</appName>
                      <appId static="true" type="SingleLine.Text">eb8cc8a2-af4f-4234-b21c-f805bcb1c2d2</appId>
                    </parameters>
                  </customControl>
                  <customControl formFactor="1" name="MscrmControls.Canvas.CanvasControl">
                    <parameters>
                      <record>mstelco_streetnumber</record>
                      <schema static="true" type="SingleLine.Text">{}</schema>
                      <entityName static="true" type="SingleLine.Text">Geographic Address</entityName>
                      <appName static="true" type="SingleLine.Text">mstelco_findgeoaddress_362de</appName>
                      <appId static="true" type="SingleLine.Text">eb8cc8a2-af4f-4234-b21c-f805bcb1c2d2</appId>
                    </parameters>
                  </customControl>
                  <customControl formFactor="2" name="MscrmControls.Canvas.CanvasControl">
                    <parameters>
                      <record>mstelco_streetnumber</record>
                      <schema static="true" type="SingleLine.Text">{}</schema>
                      <entityName static="true" type="SingleLine.Text">Geographic Address</entityName>
                      <appName static="true" type="SingleLine.Text">mstelco_findgeoaddress_362de</appName>
                      <appId static="true" type="SingleLine.Text">eb8cc8a2-af4f-4234-b21c-f805bcb1c2d2</appId>
                    </parameters>
                  </customControl>
                </controlDescription>
                <controlDescription forControl="{4bb05a75-837e-7c59-d4ba-b218c45023b0}" solutionaction="Added">
                  <customControl id="{4273EDBD-AC1D-40d3-9FB2-095C621B552D}" formFactor="0">
                    <parameters>
                      <datafieldname>mstelco_streetnumberlastsuffix</datafieldname>
                    </parameters>
                  </customControl>
                  <customControl id="{4273EDBD-AC1D-40d3-9FB2-095C621B552D}" formFactor="1">
                    <parameters>
                      <datafieldname>mstelco_streetnumberlastsuffix</datafieldname>
                    </parameters>
                  </customControl>
                  <customControl formFactor="2" name="mstelco_PCFControls.DataFromMap">
                    <parameters>
                      <jsonMapData>mstelco_streetnumberlastsuffix</jsonMapData>
                    </parameters>
                  </customControl>
                </controlDescription>
              </controlDescriptions>
              <header id="{e1f9a6d1-6b0c-42dd-be0b-44e8a6b11aaf}" celllabelposition="Top" columns="111" labelwidth="115" celllabelalignment="Left" solutionaction="Modified">
                <rows>
                  <row>
                    <cell id="{d0b1c510-f8c3-4b1f-ac9d-ac0aec102a34}" showlabel="false" ordinalvalue="10000" solutionaction="Removed" />
                    <cell id="{f2029cce-bab2-4326-ba34-85c34911be97}" showlabel="false" ordinalvalue="20001" solutionaction="Removed" />
                    <cell id="{4c4cab0d-9f0a-4553-a153-d916d7b6b06a}" showlabel="false" ordinalvalue="30002" solutionaction="Removed" />
                  </row>
                </rows>
              </header>
              <footer id="{94b9b5d7-de62-47c6-a6b5-8d7e82ab7276}" celllabelposition="Top" columns="111" labelwidth="115" celllabelalignment="Left" solutionaction="Modified">
                <rows>
                  <row>
                    <cell id="{cfa47c06-df16-44b8-84bc-bdf87642f3d4}" showlabel="false" ordinalvalue="10000" solutionaction="Removed" />
                    <cell id="{5ca71f39-c70e-40bb-a41f-902f3d6d9606}" showlabel="false" ordinalvalue="20001" solutionaction="Removed" />
                    <cell id="{5d249320-3a4e-4a23-8a56-daf829583775}" showlabel="false" ordinalvalue="30002" solutionaction="Removed" />
                  </row>
                </rows>
              </footer>
              <DisplayConditions Order="0" FallbackForm="true" />
            </form>
            <LocalizedNames>
              <LocalizedName description="Information" languagecode="1033" />
            </LocalizedNames>
            <Descriptions>
              <Description description="A form for this entity." languagecode="1033" />
            </Descriptions>
          </systemform>
        </forms>
      </FormXml>
      <Visualizations>
        <visualization>
          <savedqueryvisualizationid>{35A1732A-D029-EB11-A813-000D3A111312}</savedqueryvisualizationid>
          <datadescription>
            <datadefinition>
              <fetchcollection>
                <fetch mapping="logical" aggregate="true" count="15">
                  <entity name="mstelco_geographicaddress">
                    <order alias="_CRMAutoGen_aggregate_column_Num_0" descending="true" />
                    <attribute name="mstelco_postalcode" groupby="true" alias="_CRMAutoGen_groupby_column_Num_0" />
                    <attribute name="mstelco_geographicaddressid" aggregate="count" alias="_CRMAutoGen_aggregate_column_Num_0" />
                  </entity>
                </fetch>
              </fetchcollection>
              <categorycollection>
                <category alias="_CRMAutoGen_groupby_column_Num_0">
                  <measurecollection>
                    <measure alias="_CRMAutoGen_aggregate_column_Num_0" />
                  </measurecollection>
                </category>
              </categorycollection>
            </datadefinition>
          </datadescription>
          <presentationdescription>
            <Chart Palette="None" PaletteCustomColors="91,151,213; 237,125,49; 160,116,166; 255,192,0; 68,114,196; 112,173,71; 37,94,145; 158,72,14; 117,55,125; 153,115,0; 38,68,120; 67,104,43; 124,175,221; 241,151,90; 186,144,192; 255,205,51; 105,142,208; 140,193,104; 50,125,194; 210,96,18; 150,83,159; 204,154,0; 51,90,161; 90,138,57;">
              <Series>
                <Series ShadowOffset="0" IsValueShownAsLabel="True" Font="{0}, 9.5px" LabelForeColor="59, 59, 59" CustomProperties="PieLabelStyle=Inside, PieDrawingStyle=Default" ChartType="pie">
                  <SmartLabelStyle Enabled="True" />
                </Series>
              </Series>
              <ChartAreas>
                <ChartArea>
                  <Area3DStyle Enable3D="false" />
                </ChartArea>
              </ChartAreas>
              <Legends>
                <Legend Alignment="Center" LegendStyle="Table" Docking="right" IsEquallySpacedItems="True" Font="{0}, 11px" ShadowColor="0, 0, 0, 0" ForeColor="59, 59, 59" />
              </Legends>
              <Titles>
                <Title Alignment="TopLeft" DockingOffset="-3" Font="{0}, 13px" ForeColor="0, 0, 0" />
              </Titles>
            </Chart>
          </presentationdescription>
          <isdefault>0</isdefault>
          <LocalizedNames>
            <LocalizedName description="Top 15 Zip/Postal Codes" languagecode="1033" />
          </LocalizedNames>
          <IsCustomizable>1</IsCustomizable>
          <IntroducedVersion>1.0.0.5</IntroducedVersion>
          <CanBeDeleted>1</CanBeDeleted>
        </visualization>
      </Visualizations>
      <RibbonDiffXml>
        <CustomActions />
        <Templates>
          <RibbonTemplates Id="Mscrm.Templates"></RibbonTemplates>
        </Templates>
        <CommandDefinitions />
        <RuleDefinitions>
          <TabDisplayRules />
          <DisplayRules />
          <EnableRules />
        </RuleDefinitions>
        <LocLabels />
      </RibbonDiffXml>
    </Entity>
    <Entity>
      <Name LocalizedName="Geographic Location" OriginalName="Geographic Location">mstelco_GeographicLocation</Name>
      <FormXml>
        <forms type="main">
          <systemform>
            <formid>{0f108385-2b86-4abe-ac85-7e86fb76cba0}</formid>
            <IntroducedVersion>1.0.0.0</IntroducedVersion>
            <FormPresentation>1</FormPresentation>
            <FormActivationState>1</FormActivationState>
            <form headerdensity="HighWithControls">
              <tabs>
                <tab verticallayout="true" id="{7399aea6-0e21-4d58-a46d-3e144244c841}" IsUserDefined="1" name="{7399aea6-0e21-4d58-a46d-3e144244c841}" locklevel="0" expanded="true" showlabel="true" ordinalvalue="0">
                  <columns>
                    <column width="50%" id="0">
                      <sections>
                        <section name="{7399aea6-0e21-4d58-a46d-3e144244c841}_section_3" showlabel="true" showbar="false" locklevel="0" id="{c1a98d1b-7646-1656-7e4a-84a516567785}" IsUserDefined="0" layout="varwidth" columns="1" labelwidth="130" celllabelalignment="Left" celllabelposition="Left" ordinalvalue="1">
                          <rows>
                            <row>
                              <cell id="{dd62a2c6-9dc8-eac7-5e0e-c1ec19c7e65a}" showlabel="true" locklevel="0" ordinalvalue="10000">
                                <control id="mstelco_pointcount" classid="{C6D124CA-7EDA-4a60-AEA9-7FB8D318B68F}" datafieldname="mstelco_pointcount" disabled="true" uniqueid="{b8a824b8-c167-2042-b36e-d209a468b358}" solutionaction="Modified" />
                              </cell>
                            </row>
                            <row>
                              <cell id="{dba87727-4a52-e7a2-e3dd-0a51bee58715}" showlabel="true" locklevel="0" rowspan="10" ordinalvalue="10001" solutionaction="Removed" />
                            </row>
                            <row>
                              <cell locklevel="0" id="{945969f6-8106-4cf2-819f-f43822cd5be5}" ordinalvalue="20003" solutionaction="Removed" />
                            </row>
                            <row>
                              <cell locklevel="0" id="{d7518bc6-07e2-4857-bc96-df4170933345}" ordinalvalue="20004" solutionaction="Removed" />
                            </row>
                            <row>
                              <cell id="{e27e9387-c93c-0019-38ed-19c8547c77d9}" showlabel="true" locklevel="0" rowspan="10" ordinalvalue="10001" solutionaction="Added">
                                <labels>
                                  <label description="Azure Maps JSON Metadata" languagecode="1033" />
                                </labels>
                                <control id="mstelco_jsonmetadata" classid="{E0DECE4B-6FC8-4a8f-A065-082708572369}" datafieldname="mstelco_jsonmetadata" disabled="true" uniqueid="{d1830a84-3ca0-2634-e093-a9562c5a35be}" />
                              </cell>
                            </row>
                          </rows>
                        </section>
                      </sections>
                    </column>
                    <column width="50%" id="1">
                      <sections>
                        <section name="section_map" showlabel="true" showbar="false" locklevel="0" id="{5bda38b3-da96-2eda-9185-39ca7da89573}" IsUserDefined="0" layout="varwidth" columns="1" labelwidth="115" celllabelalignment="Left" celllabelposition="Left" ordinalvalue="0">
                          <rows>
                            <row>
                              <cell id="{11cb6eab-3977-17b5-0064-d0ad3a724505}" showlabel="false" ordinalvalue="10000" solutionaction="Removed" />
                            </row>
                            <row>
                              <cell id="{96ca7e70-0bfa-465a-9e86-6af3a2b5f679}" locklevel="0" showlabel="false" ordinalvalue="10000" solutionaction="Added">
                                <labels>
                                  <label description="JSON Metadata" languagecode="1033" />
                                </labels>
                                <control id="mstelco_jsonmetadata" classid="{F9A8A302-114E-466A-B582-6771B2AE0D92}" datafieldname="mstelco_jsonmetadata" disabled="false" uniqueid="{91a74d64-9a60-26d5-562c-6bc15388b92d}" />
                              </cell>
                            </row>
                          </rows>
                        </section>
                        <section name="{7399aea6-0e21-4d58-a46d-3e144244c841}_section_2" showlabel="true" showbar="false" locklevel="0" id="{3a39a44c-d761-49e7-1ebe-782c313a10b3}" IsUserDefined="0" layout="varwidth" columns="1" labelwidth="130" celllabelalignment="Left" celllabelposition="Left" ordinalvalue="1">
                          <rows>
                            <row>
                              <cell id="{21303c4d-d84b-90ba-b867-97c515dba988}" showlabel="true" locklevel="0" ordinalvalue="10000">
                                <control id="mstelco_boundingboxnwlatitude" classid="{0D2C745A-E5A8-4c8f-BA63-C6D3BB604660}" datafieldname="mstelco_boundingboxnwlatitude" disabled="false" uniqueid="{927ced72-8838-6899-8bc0-986074a61cb1}" solutionaction="Modified" />
                              </cell>
                            </row>
                            <row>
                              <cell id="{8605c346-28d4-51a5-073e-6d43d553ae89}" showlabel="true" locklevel="0" ordinalvalue="10001">
                                <control id="mstelco_boundingboxnwlongitude" classid="{0D2C745A-E5A8-4c8f-BA63-C6D3BB604660}" datafieldname="mstelco_boundingboxnwlongitude" disabled="false" uniqueid="{a3783339-67d7-74d1-03e0-20234c7caae7}" solutionaction="Modified" />
                              </cell>
                            </row>
                            <row>
                              <cell id="{543871c6-8117-4be3-7015-247126766023}" showlabel="true" locklevel="0" ordinalvalue="10002">
                                <control id="mstelco_boundingboxselatitude" classid="{0D2C745A-E5A8-4c8f-BA63-C6D3BB604660}" datafieldname="mstelco_boundingboxselatitude" disabled="false" uniqueid="{3eb716a2-aa7e-553e-9c62-6ec5c0253205}" solutionaction="Modified" />
                              </cell>
                            </row>
                            <row>
                              <cell id="{54d91637-e680-a4e9-b724-a5e7d73ece7e}" showlabel="true" locklevel="0" ordinalvalue="10004">
                                <control id="mstelco_centerlatitude" classid="{0D2C745A-E5A8-4c8f-BA63-C6D3BB604660}" datafieldname="mstelco_centerlatitude" disabled="false" uniqueid="{8cee63de-8cb6-b87a-cbc5-2e38e461da93}" solutionaction="Modified" />
                              </cell>
                            </row>
                            <row>
                              <cell id="{3d86da15-a023-372e-c458-8d24155b9889}" showlabel="true" locklevel="0" ordinalvalue="10005">
                                <control id="mstelco_centerlongitude" classid="{0D2C745A-E5A8-4c8f-BA63-C6D3BB604660}" datafieldname="mstelco_centerlongitude" disabled="false" uniqueid="{d63664e5-ee69-81b2-abdd-bb263034d09c}" solutionaction="Modified" />
                              </cell>
                            </row>
                          </rows>
                        </section>
                      </sections>
                    </column>
                  </columns>
                </tab>
              </tabs>
              <controlDescriptions>
                <controlDescription forControl="{91a74d64-9a60-26d5-562c-6bc15388b92d}" solutionaction="Added">
                  <customControl id="{E0DECE4B-6FC8-4A8F-A065-082708572369}" formFactor="0">
                    <parameters>
                      <datafieldname>mstelco_jsonmetadata</datafieldname>
                    </parameters>
                  </customControl>
                  <customControl id="{E0DECE4B-6FC8-4A8F-A065-082708572369}" formFactor="1">
                    <parameters>
                      <datafieldname>mstelco_jsonmetadata</datafieldname>
                    </parameters>
                  </customControl>
                  <customControl formFactor="-1" name="MscrmControls.Canvas.CanvasControl">
                    <parameters>
                      <record>mstelco_jsonmetadata</record>
                      <entityName static="true" type="SingleLine.Text">Geographic Location</entityName>
                      <appName static="true" type="SingleLine.Text">Show Map</appName>
                      <appId static="true" type="SingleLine.Text">8c1172d0-a580-444d-b463-24857a7fd045</appId>
                      <msinternal.isvisibleinmocaonly static="true">true</msinternal.isvisibleinmocaonly>
                    </parameters>
                  </customControl>
                  <customControl formFactor="2" name="mstelco_PCFControls.DataFromMap">
                    <parameters>
                      <jsonMapData>mstelco_jsonmetadata</jsonMapData>
                      <numberOfPoints>mstelco_pointcount</numberOfPoints>
                      <boundingLatNW>mstelco_boundingboxnwlatitude</boundingLatNW>
                      <boundingLongNW>mstelco_boundingboxnwlongitude</boundingLongNW>
                      <boundingLatSE>mstelco_boundingboxselatitude</boundingLatSE>
                      <boundingLongSE>mstelco_boundingboxselongitude</boundingLongSE>
                      <centerLat>mstelco_centerlatitude</centerLat>
                      <centerLong>mstelco_centerlongitude</centerLong>
                      <msinternal.isvisibleinmocaonly static="true">true</msinternal.isvisibleinmocaonly>
                    </parameters>
                  </customControl>
                </controlDescription>
              </controlDescriptions>
              <header id="{0eb43de2-fc63-4b6f-b0d5-159c765ea4b2}" celllabelposition="Top" columns="111" labelwidth="115" celllabelalignment="Left" solutionaction="Modified">
                <rows>
                  <row>
                    <cell id="{fba59450-f548-4b25-a499-b05ca57a6fb9}" showlabel="false" ordinalvalue="10000" solutionaction="Removed" />
                    <cell id="{67062f80-3e0e-46c5-ac20-0fd23b42ba7a}" showlabel="false" ordinalvalue="20001" solutionaction="Removed" />
                    <cell id="{7b8c9427-48b9-4437-a31d-1111c9fea610}" showlabel="false" ordinalvalue="30002" solutionaction="Removed" />
                  </row>
                </rows>
              </header>
              <footer id="{e0a690f0-ac91-4322-acd4-013ec30f3346}" celllabelposition="Top" columns="111" labelwidth="115" celllabelalignment="Left" solutionaction="Modified">
                <rows>
                  <row>
                    <cell id="{7e8badb4-cf4e-485c-8e34-f86852558835}" showlabel="false" ordinalvalue="10000" solutionaction="Removed" />
                    <cell id="{08dad909-6947-44ac-8ba7-8a1bb927f625}" showlabel="false" ordinalvalue="20001" solutionaction="Removed" />
                    <cell id="{64e2eedc-6b74-4725-836b-970dd2b4fc6e}" showlabel="false" ordinalvalue="30002" solutionaction="Removed" />
                  </row>
                </rows>
              </footer>
              <DisplayConditions Order="0" FallbackForm="true" />
            </form>
            <LocalizedNames>
              <LocalizedName description="Information" languagecode="1033" />
            </LocalizedNames>
            <Descriptions>
              <Description description="A form for this entity." languagecode="1033" />
            </Descriptions>
          </systemform>
        </forms>
      </FormXml>
      <RibbonDiffXml>
        <CustomActions />
        <Templates>
          <RibbonTemplates Id="Mscrm.Templates"></RibbonTemplates>
        </Templates>
        <CommandDefinitions />
        <RuleDefinitions>
          <TabDisplayRules />
          <DisplayRules />
          <EnableRules />
        </RuleDefinitions>
        <LocLabels />
      </RibbonDiffXml>
    </Entity>
    <Entity>
      <Name LocalizedName="Local Place" OriginalName="Local Place">mstelco_LocalPlace</Name>
      <FormXml>
        <forms type="main">
          <systemform>
            <formid>{2d6c3600-75d4-4bfb-b161-af7b323c96c7}</formid>
            <IntroducedVersion>1.0.0.0</IntroducedVersion>
            <FormPresentation>1</FormPresentation>
            <FormActivationState>1</FormActivationState>
            <form headerdensity="HighWithControls">
              <tabs>
                <tab verticallayout="true" id="{c511c696-5e36-4466-a058-93b544015d40}" IsUserDefined="1" name="tab_general" locklevel="0" expanded="false" showlabel="true" ordinalvalue="0">
                  <columns>
                    <column width="50%" id="1">
                      <sections>
                        <section name="section_map" showlabel="true" showbar="false" locklevel="0" id="{0a1aa605-d8be-7883-6e07-011ee49bc08c}" IsUserDefined="0" layout="varwidth" columns="1" labelwidth="115" celllabelalignment="Left" celllabelposition="Left" ordinalvalue="0" solutionaction="Added">
                          <labels>
                            <label description="Map" languagecode="1033" />
                          </labels>
                          <rows>
                            <row>
                              <cell id="{805a4837-657e-0387-93a6-91c731a0a95b}" showlabel="false" locklevel="0" rowspan="10" ordinalvalue="10000">
                                <labels>
                                  <label description="Description" languagecode="1033" />
                                </labels>
                                <control id="mstelco_description" classid="{F9A8A302-114E-466A-B582-6771B2AE0D92}" datafieldname="mstelco_description" disabled="false" uniqueid="{3eb7a310-c6d4-cca1-247a-0aa6d1862b61}" />
                              </cell>
                            </row>
                            <row />
                            <row />
                            <row />
                            <row />
                            <row />
                            <row />
                            <row />
                            <row />
                            <row />
                          </rows>
                        </section>
                      </sections>
                    </column>
                  </columns>
                </tab>
              </tabs>
              <controlDescriptions>
                <controlDescription forControl="{3eb7a310-c6d4-cca1-247a-0aa6d1862b61}" solutionaction="Added">
                  <customControl id="{E0DECE4B-6FC8-4a8f-A065-082708572369}" formFactor="0">
                    <parameters>
                      <datafieldname>mstelco_description</datafieldname>
                    </parameters>
                  </customControl>
                  <customControl id="{E0DECE4B-6FC8-4a8f-A065-082708572369}" formFactor="1">
                    <parameters>
                      <datafieldname>mstelco_description</datafieldname>
                    </parameters>
                  </customControl>
                  <customControl formFactor="2" name="mstelco_PCFControls.DataFromMap">
                    <parameters>
                      <jsonMapData>mstelco_description</jsonMapData>
                    </parameters>
                  </customControl>
                </controlDescription>
              </controlDescriptions>
              <header id="{19b32eb2-30ac-463f-9c23-7a6e564ad25e}" celllabelposition="Top" columns="111" labelwidth="115" celllabelalignment="Left">
                <rows>
                  <row>
                    <cell id="{ad47d8e0-52e7-47bb-9415-ce12322bc546}" showlabel="false" ordinalvalue="10000" solutionaction="Removed" />
                    <cell id="{040d48c4-6718-417c-af11-53b3dda8737c}" showlabel="false" ordinalvalue="20001" solutionaction="Removed" />
                    <cell id="{60054b80-1efb-4f45-9dbd-e17ca0a6e67e}" showlabel="false" ordinalvalue="30002" solutionaction="Removed" />
                  </row>
                </rows>
              </header>
              <footer id="{8383067d-71e0-424e-82df-503abe1a07ff}" celllabelposition="Top" columns="111" labelwidth="115" celllabelalignment="Left">
                <rows>
                  <row>
                    <cell id="{2aebd91b-84e7-40d2-8356-f9c6efa3e191}" showlabel="false" ordinalvalue="10000" solutionaction="Removed" />
                    <cell id="{5e093f18-5bf5-411d-9bc2-9353fa8e7f8e}" showlabel="false" ordinalvalue="20001" solutionaction="Removed" />
                    <cell id="{afb2c92b-cd8f-4cc5-aa3a-215144222f9e}" showlabel="false" ordinalvalue="30002" solutionaction="Removed" />
                  </row>
                </rows>
              </footer>
            </form>
            <LocalizedNames>
              <LocalizedName description="Information" languagecode="1033" />
            </LocalizedNames>
            <Descriptions>
              <Description description="A form for this entity." languagecode="1033" />
            </Descriptions>
          </systemform>
        </forms>
      </FormXml>
      <Visualizations>
        <visualization>
          <savedqueryvisualizationid>{E268C528-C729-EB11-A813-000D3A111312}</savedqueryvisualizationid>
          <datadescription>
            <datadefinition>
              <fetchcollection>
                <fetch mapping="logical" aggregate="true" count="15">
                  <entity name="mstelco_localplace">
                    <order alias="_CRMAutoGen_aggregate_column_Num_0" descending="true" />
                    <attribute name="mstelco_type" groupby="true" alias="_CRMAutoGen_groupby_column_Num_0" />
                    <attribute name="mstelco_localplaceid" aggregate="count" alias="_CRMAutoGen_aggregate_column_Num_0" />
                  </entity>
                </fetch>
              </fetchcollection>
              <categorycollection>
                <category alias="_CRMAutoGen_groupby_column_Num_0">
                  <measurecollection>
                    <measure alias="_CRMAutoGen_aggregate_column_Num_0" />
                  </measurecollection>
                </category>
              </categorycollection>
            </datadefinition>
          </datadescription>
          <presentationdescription>
            <Chart Palette="None" PaletteCustomColors="91,151,213; 237,125,49; 160,116,166; 255,192,0; 68,114,196; 112,173,71; 37,94,145; 158,72,14; 117,55,125; 153,115,0; 38,68,120; 67,104,43; 124,175,221; 241,151,90; 186,144,192; 255,205,51; 105,142,208; 140,193,104; 50,125,194; 210,96,18; 150,83,159; 204,154,0; 51,90,161; 90,138,57;">
              <Series>
                <Series ChartType="Bar" IsValueShownAsLabel="True" Font="{0}, 9.5px" LabelForeColor="59, 59, 59" CustomProperties="PointWidth=0.75, MaxPixelPointWidth=40">
                  <SmartLabelStyle Enabled="True" />
                </Series>
              </Series>
              <ChartAreas>
                <ChartArea BorderColor="White" BorderDashStyle="Solid">
                  <AxisY LabelAutoFitMinFontSize="8" TitleForeColor="59, 59, 59" TitleFont="{0}, 10.5px" LineColor="165, 172, 181" IntervalAutoMode="VariableCount">
                    <MajorGrid LineColor="239, 242, 246" />
                    <MajorTickMark LineColor="165, 172, 181" />
                    <LabelStyle Font="{0}, 10.5px" ForeColor="59, 59, 59" />
                  </AxisY>
                  <AxisX LabelAutoFitMinFontSize="8" TitleForeColor="59, 59, 59" TitleFont="{0}, 10.5px" LineColor="165, 172, 181" IntervalAutoMode="VariableCount">
                    <MajorTickMark LineColor="165, 172, 181" />
                    <MajorGrid LineColor="Transparent" />
                    <LabelStyle Font="{0}, 10.5px" ForeColor="59, 59, 59" />
                  </AxisX>
                </ChartArea>
              </ChartAreas>
              <Titles>
                <Title Alignment="TopLeft" DockingOffset="-3" Font="{0}, 13px" ForeColor="59, 59, 59" />
              </Titles>
            </Chart>
          </presentationdescription>
          <isdefault>0</isdefault>
          <LocalizedNames>
            <LocalizedName description="Local Places by Type" languagecode="1033" />
          </LocalizedNames>
          <IsCustomizable>1</IsCustomizable>
          <IntroducedVersion>1.0.0.5</IntroducedVersion>
          <CanBeDeleted>1</CanBeDeleted>
        </visualization>
      </Visualizations>
      <RibbonDiffXml>
        <CustomActions />
        <Templates>
          <RibbonTemplates Id="Mscrm.Templates"></RibbonTemplates>
        </Templates>
        <CommandDefinitions />
        <RuleDefinitions>
          <TabDisplayRules />
          <DisplayRules />
          <EnableRules />
        </RuleDefinitions>
        <LocLabels />
      </RibbonDiffXml>
    </Entity>
    <Entity>
      <Name LocalizedName="Network Resource" OriginalName="Network Resource">mstelco_NetworkResource</Name>
      <FormXml>
        <forms type="main">
          <systemform>
            <formid>{3ad219f1-138b-427a-880a-2586d195e9b4}</formid>
            <IntroducedVersion>1.0.0.0</IntroducedVersion>
            <FormPresentation>1</FormPresentation>
            <FormActivationState>1</FormActivationState>
            <form headerdensity="HighWithControls" shownavigationbar="true" showImage="false" maxWidth="1920">
              <tabs>
                <tab verticallayout="true" id="{7b01033f-b2b6-48f3-ae49-9ba831c58b06}" IsUserDefined="1" name="tab_general" locklevel="0" expanded="true" showlabel="true" ordinalvalue="0">
                  <columns>
                    <column width="50%" id="1">
                      <sections>
                        <section name="Timeline" id="cf56cb22-69a6-4060-a744-00d4003c2e67" IsUserDefined="0" locklevel="0" showlabel="true" showbar="false" layout="varwidth" celllabelalignment="Left" celllabelposition="Left" columns="1" labelwidth="115" ordinalvalue="1">
                          <rows>
                            <row>
                              <cell locklevel="0" id="{491d97f0-eb94-4b0d-b4e7-e0eedb08c666}" rowspan="1" colspan="1" showlabel="false" ordinalvalue="10000">
                                <labels>
                                  <label description="Note Text" languagecode="1033" solutionaction="Modified" />
                                </labels>
                              </cell>
                            </row>
                          </rows>
                        </section>
                      </sections>
                    </column>
                  </columns>
                </tab>
                <tab name="tab_mstelco_geographiclocation" id="3ee212c5-d013-4e24-a48d-8f01a1afb9de" IsUserDefined="0" locklevel="0" showlabel="true" ordinalvalue="1">
                  <columns>
                    <column width="50%" id="1">
                      <sections>
                        <section name="section_map" id="3eb78998-3909-4a99-a3bc-ed42cec13696" IsUserDefined="0" locklevel="0" showlabel="true" showbar="false" layout="varwidth" celllabelalignment="Left" celllabelposition="Left" columns="1" labelwidth="115" ordinalvalue="0">
                          <rows>
                            <row>
                              <cell id="{20c4dca0-aaf2-484b-8ed9-f0e5ca64a370}" locklevel="0" colspan="1" rowspan="1" showlabel="false" ordinalvalue="10000">
                                <control id="mstelco_string" classid="{F9A8A302-114E-466A-B582-6771B2AE0D92}" datafieldname="mstelco_string" disabled="false" uniqueid="{b6c5b14d-e190-45d6-0195-654675e6a27b}" solutionaction="Modified" />
                              </cell>
                            </row>
                          </rows>
                        </section>
                      </sections>
                    </column>
                  </columns>
                </tab>
                <tab name="tab_admin" id="{9ba054ce-c2a4-07d7-30e0-b886d2ae168c}" IsUserDefined="0" locklevel="0" showlabel="true" expanded="true" ordinalvalue="4">
                  <columns>
                    <column width="100%" id="0">
                      <sections>
                        <section name="section_admin" showlabel="false" showbar="false" locklevel="0" id="{51572bd2-bc46-ecc9-ae6b-8543a6c64032}" IsUserDefined="0" layout="varwidth" columns="11" labelwidth="115" celllabelalignment="Left" celllabelposition="Left" ordinalvalue="0">
                          <rows>
                            <row>
                              <cell id="{1acb6e96-139e-741e-bb0a-b83b65c0a5e1}" showlabel="false" ordinalvalue="20001" solutionaction="Removed" />
                            </row>
                            <row>
                              <cell id="{4c163359-685d-1e83-ce2e-7883a92be89e}" showlabel="false" ordinalvalue="20003" solutionaction="Removed" />
                            </row>
                            <row>
                              <cell locklevel="0" id="{dd7ef515-2fc7-4021-8fee-50e70989802e}" showlabel="false" ordinalvalue="20007" solutionaction="Modified" />
                            </row>
                            <row>
                              <cell locklevel="0" id="{60b1fcd0-79f1-44dc-a4da-1b0eaa852400}" showlabel="false" ordinalvalue="20009" solutionaction="Modified" />
                            </row>
                            <row>
                              <cell locklevel="0" id="{ed85f463-a03c-4c1d-9248-ea29cb8484e3}" showlabel="false" ordinalvalue="20009" solutionaction="Removed" />
                            </row>
                            <row>
                              <cell id="{4cb67cc4-ec3c-05e7-6129-9e261c084915}" showlabel="false" ordinalvalue="20001" solutionaction="Added">
                                <labels>
                                  <label description="" languagecode="1033" />
                                </labels>
                              </cell>
                            </row>
                            <row>
                              <cell id="{7dde6cb5-571d-e267-5757-b335275825b4}" showlabel="false" ordinalvalue="20003" solutionaction="Added">
                                <labels>
                                  <label description="" languagecode="1033" />
                                </labels>
                              </cell>
                            </row>
                            <row>
                              <cell locklevel="0" id="{aec4469b-d9e1-4726-a21b-07db78fbe72a}" showlabel="false" ordinalvalue="20005" solutionaction="Added">
                                <labels>
                                  <label description="" languagecode="1033" />
                                </labels>
                              </cell>
                            </row>
                          </rows>
                        </section>
                      </sections>
                    </column>
                  </columns>
                </tab>
              </tabs>
              <controlDescriptions>
                <controlDescription forControl="{b6c5b14d-e190-45d6-0195-654675e6a27b}" solutionaction="Added">
                  <customControl id="{4273EDBD-AC1D-40D3-9FB2-095C621B552D}" formFactor="0">
                    <parameters>
                      <datafieldname>mstelco_string</datafieldname>
                    </parameters>
                  </customControl>
                  <customControl id="{4273EDBD-AC1D-40D3-9FB2-095C621B552D}" formFactor="1">
                    <parameters>
                      <datafieldname>mstelco_string</datafieldname>
                    </parameters>
                  </customControl>
                  <customControl formFactor="2" name="mstelco_PCFControls.DataFromMap">
                    <parameters>
                      <jsonMapData>mstelco_string</jsonMapData>
                    </parameters>
                  </customControl>
                </controlDescription>
              </controlDescriptions>
              <header id="{7f0beab8-1f78-47d7-a6c6-110976eeb78a}" celllabelposition="Top" columns="111" labelwidth="115" celllabelalignment="Left" solutionaction="Modified">
                <rows>
                  <row>
                    <cell id="{3521aecf-098c-4d01-83ce-2ce51e2fa26d}" showlabel="false" ordinalvalue="10000" solutionaction="Removed" />
                    <cell id="{9ed1de8f-5a1b-4ad8-a053-3b60ff0abc5e}" showlabel="false" ordinalvalue="20001" solutionaction="Removed" />
                    <cell id="{4516fdf4-77ce-4a21-8e6a-12981599496b}" showlabel="false" ordinalvalue="30002" solutionaction="Removed" />
                  </row>
                </rows>
              </header>
              <footer id="{422e820a-f281-40e5-b9fa-3f8f02bdee4d}" celllabelposition="Top" columns="111" labelwidth="115" celllabelalignment="Left" solutionaction="Modified">
                <rows>
                  <row>
                    <cell id="{9fca62b3-7010-47b2-a4f1-df503ff9363b}" showlabel="false" ordinalvalue="10000" solutionaction="Removed" />
                    <cell id="{43c344ce-5081-4c43-bee4-a158458405cf}" showlabel="false" ordinalvalue="20001" solutionaction="Removed" />
                    <cell id="{7afb6cda-0ef9-4e61-ae34-b4c8bf040b8a}" showlabel="false" ordinalvalue="30002" solutionaction="Removed" />
                  </row>
                </rows>
              </footer>
              <DisplayConditions Order="0" FallbackForm="true" />
            </form>
            <LocalizedNames>
              <LocalizedName description="Information" languagecode="1033" />
            </LocalizedNames>
            <Descriptions>
              <Description description="A form for this entity." languagecode="1033" />
            </Descriptions>
          </systemform>
        </forms>
        <forms type="quick">
          <systemform>
            <formid>{fdaec4c6-eb91-4937-ade8-c79e892da53b}</formid>
            <IntroducedVersion>1.0.1.3</IntroducedVersion>
            <FormPresentation>1</FormPresentation>
            <FormActivationState>1</FormActivationState>
            <form maxWidth="400">
              <tabs>
                <tab id="{cde8f8d5-6905-4535-9c37-c11d02dc5142}" name="tab_1" showlabel="false">
                  <labels>
                    <label description="Tab" languagecode="1033" />
                  </labels>
                  <columns>
                    <column width="100%">
                      <sections>
                        <section id="{08a2c9e2-ac40-4418-8e3b-0d44c4ecd24a}" name="tab_1_column_1_section_1" columns="1" showlabel="false" showbar="false" IsUserDefined="0">
                          <labels>
                            <label description="section" languagecode="1033" />
                          </labels>
                          <rows>
                            <row>
                              <cell id="{4bdd57be-7ead-8482-3917-3b5749e2ee13}" showlabel="true" locklevel="0">
                                <labels>
                                  <label description="Code" languagecode="1033" />
                                </labels>
                                <control id="mstelco_code" classid="{4273EDBD-AC1D-40d3-9FB2-095C621B552D}" datafieldname="mstelco_code" disabled="false" />
                              </cell>
                            </row>
                            <row>
                              <cell id="{02707d0c-533e-c036-4510-102e6ea070d1}" showlabel="true" locklevel="0">
                                <labels>
                                  <label description="Type" languagecode="1033" />
                                </labels>
                                <control id="mstelco_typeid" classid="{270BD3DB-D9AF-4782-9025-509E298DEC0A}" datafieldname="mstelco_typeid" disabled="false" />
                              </cell>
                            </row>
                            <row>
                              <cell id="{d49990de-d4d8-bb78-bbc9-7b2039cecb8e}" showlabel="true" locklevel="0">
                                <labels>
                                  <label description="Network Zone" languagecode="1033" />
                                </labels>
                                <control id="mstelco_networkzoneid" classid="{270BD3DB-D9AF-4782-9025-509E298DEC0A}" datafieldname="mstelco_networkzoneid" disabled="false" />
                              </cell>
                            </row>
                          </rows>
                        </section>
                      </sections>
                    </column>
                  </columns>
                </tab>
              </tabs>
              <DisplayConditions Order="1">
                <Role Id="{627090ff-40a3-4053-8790-584edc5be201}" />
                <Role Id="{119f245c-3cc8-4b62-b31c-d1a046ced15d}" />
              </DisplayConditions>
            </form>
            <IsCustomizable>1</IsCustomizable>
            <CanBeDeleted>1</CanBeDeleted>
            <LocalizedNames>
              <LocalizedName description="Hierarchy Quick View Form" languagecode="1033" />
            </LocalizedNames>
          </systemform>
        </forms>
      </FormXml>
      <RibbonDiffXml>
        <CustomActions />
        <Templates>
          <RibbonTemplates Id="Mscrm.Templates"></RibbonTemplates>
        </Templates>
        <CommandDefinitions />
        <RuleDefinitions>
          <TabDisplayRules />
          <DisplayRules />
          <EnableRules />
        </RuleDefinitions>
        <LocLabels />
      </RibbonDiffXml>
      <HierarchyRules>
        <HierarchyRule>
          <HierarchyRuleID>{219b0ab9-c42a-eb11-a813-000d3a4df348}</HierarchyRuleID>
          <PrimaryEntityFormID>{fdaec4c6-eb91-4937-ade8-c79e892da53b}</PrimaryEntityFormID>
          <PrimaryEntityLogicalName>mstelco_networkresource</PrimaryEntityLogicalName>
          <ShowDisabled>1</ShowDisabled>
          <IntroducedVersion>1.0.0.11</IntroducedVersion>
          <LocalizedNames>
            <LocalizedName description="Network Resource Hierarchy" languagecode="1033" />
          </LocalizedNames>
        </HierarchyRule>
      </HierarchyRules>
    </Entity>
    <Entity>
      <Name LocalizedName="Network Zone" OriginalName="Network Zone">mstelco_NetworkZone</Name>
      <Visualizations>
        <visualization>
          <savedqueryvisualizationid>{C37088C5-C729-EB11-A813-000D3A111312}</savedqueryvisualizationid>
          <datadescription>
            <datadefinition>
              <fetchcollection>
                <fetch mapping="logical" aggregate="true">
                  <entity name="mstelco_networkzone">
                    <attribute name="mstelco_networkid" groupby="true" alias="_CRMAutoGen_groupby_column_Num_0" />
                    <attribute name="mstelco_networkzoneid" aggregate="count" alias="_CRMAutoGen_aggregate_column_Num_0" />
                  </entity>
                </fetch>
              </fetchcollection>
              <categorycollection>
                <category alias="_CRMAutoGen_groupby_column_Num_0">
                  <measurecollection>
                    <measure alias="_CRMAutoGen_aggregate_column_Num_0" />
                  </measurecollection>
                </category>
              </categorycollection>
            </datadefinition>
          </datadescription>
          <presentationdescription>
            <Chart Palette="None" PaletteCustomColors="91,151,213; 237,125,49; 160,116,166; 255,192,0; 68,114,196; 112,173,71; 37,94,145; 158,72,14; 117,55,125; 153,115,0; 38,68,120; 67,104,43; 124,175,221; 241,151,90; 186,144,192; 255,205,51; 105,142,208; 140,193,104; 50,125,194; 210,96,18; 150,83,159; 204,154,0; 51,90,161; 90,138,57;">
              <Series>
                <Series ChartType="Column" IsValueShownAsLabel="True" Font="{0}, 9.5px" LabelForeColor="59, 59, 59" CustomProperties="PointWidth=0.75, MaxPixelPointWidth=40" />
              </Series>
              <ChartAreas>
                <ChartArea BorderColor="White" BorderDashStyle="Solid">
                  <AxisY LabelAutoFitMinFontSize="8" TitleForeColor="59, 59, 59" TitleFont="{0}, 10.5px" LineColor="165, 172, 181" IntervalAutoMode="VariableCount">
                    <MajorGrid LineColor="239, 242, 246" />
                    <MajorTickMark LineColor="165, 172, 181" />
                    <LabelStyle Font="{0}, 10.5px" ForeColor="59, 59, 59" />
                  </AxisY>
                  <AxisX LabelAutoFitMinFontSize="8" TitleForeColor="59, 59, 59" TitleFont="{0}, 10.5px" LineColor="165, 172, 181" IntervalAutoMode="VariableCount">
                    <MajorTickMark LineColor="165, 172, 181" />
                    <MajorGrid LineColor="Transparent" />
                    <LabelStyle Font="{0}, 10.5px" ForeColor="59, 59, 59" />
                  </AxisX>
                </ChartArea>
              </ChartAreas>
              <Titles>
                <Title Alignment="TopLeft" DockingOffset="-3" Font="{0}, 13px" ForeColor="59, 59, 59" />
              </Titles>
            </Chart>
          </presentationdescription>
          <isdefault>0</isdefault>
          <LocalizedNames>
            <LocalizedName description="Network Zones by Network" languagecode="1033" />
          </LocalizedNames>
          <IsCustomizable>1</IsCustomizable>
          <IntroducedVersion>1.0.0.5</IntroducedVersion>
          <CanBeDeleted>1</CanBeDeleted>
        </visualization>
      </Visualizations>
      <RibbonDiffXml>
        <CustomActions />
        <Templates>
          <RibbonTemplates Id="Mscrm.Templates"></RibbonTemplates>
        </Templates>
        <CommandDefinitions />
        <RuleDefinitions>
          <TabDisplayRules />
          <DisplayRules />
          <EnableRules />
        </RuleDefinitions>
        <LocLabels />
      </RibbonDiffXml>
    </Entity>
    <Entity>
      <Name LocalizedName="Service Area" OriginalName="Service Area">mstelco_ServiceArea</Name>
      <FormXml>
        <forms type="main">
          <systemform>
            <formid>{afb00e07-3207-4811-8d38-4eda83b75c6f}</formid>
            <IntroducedVersion>1.0.0.0</IntroducedVersion>
            <FormPresentation>1</FormPresentation>
            <FormActivationState>1</FormActivationState>
            <form headerdensity="HighWithControls">
              <tabs>
                <tab verticallayout="true" id="{e76b1b49-42d6-4394-8cfb-8c7f63b4adf4}" IsUserDefined="1" name="tab_general" locklevel="0" expanded="true" showlabel="true" ordinalvalue="0">
                  <columns>
                    <column width="50%" id="1">
                      <sections>
                        <section name="section_mstelco_geographiclocation" showlabel="true" showbar="false" locklevel="0" id="{2667b3b8-1478-8a21-6706-dc92a7ecd73a}" IsUserDefined="0" layout="varwidth" columns="1" labelwidth="115" ordinalvalue="0">
                          <rows>
                            <row>
                              <cell id="{27b34442-e9d9-ae58-5287-01e730a94078}" showlabel="false" locklevel="0" ordinalvalue="10001" solutionaction="Added">
                                <labels>
                                  <label description="Description" languagecode="1033" />
                                </labels>
                                <control id="mstelco_description" classid="{F9A8A302-114E-466A-B582-6771B2AE0D92}" datafieldname="mstelco_description" disabled="false" uniqueid="{b493618d-9937-23d0-a318-a60bab236002}" />
                              </cell>
                            </row>
                          </rows>
                        </section>
                      </sections>
                    </column>
                  </columns>
                </tab>
                <tab name="tab_admin" id="{a1b40791-712a-e94e-b3ab-16a178ad2e3e}" IsUserDefined="0" locklevel="0" showlabel="true" expanded="true" ordinalvalue="3">
                  <columns>
                    <column width="100%" id="0">
                      <sections>
                        <section name="section_admin" showlabel="false" showbar="false" locklevel="0" id="{c7e057a1-1a1d-da71-c6b2-7b5a080ad173}" IsUserDefined="0" layout="varwidth" columns="11" labelwidth="115" celllabelalignment="Left" celllabelposition="Left" ordinalvalue="0">
                          <rows>
                            <row>
                              <cell id="{819a20d6-aa53-171a-1407-95ee6cc39e44}" showlabel="false" ordinalvalue="20005" solutionaction="Removed" />
                            </row>
                            <row>
                              <cell id="{e96dcd42-1eb3-d0d4-722e-8e4d85ac1ae9}" showlabel="false" ordinalvalue="20007" solutionaction="Removed" />
                            </row>
                            <row>
                              <cell id="{37038931-9083-7b6d-21ac-bc71a75dbc13}" showlabel="false" ordinalvalue="20009" solutionaction="Removed" />
                            </row>
                            <row>
                              <cell id="{067274d2-66d7-9614-e7c8-058e07e02693}" showlabel="false" ordinalvalue="20005" solutionaction="Added">
                                <labels>
                                  <label description="" languagecode="1033" />
                                </labels>
                              </cell>
                            </row>
                            <row>
                              <cell id="{53cbd6d6-b511-ebdc-c587-1a127b713453}" showlabel="false" ordinalvalue="20007" solutionaction="Added">
                                <labels>
                                  <label description="" languagecode="1033" />
                                </labels>
                              </cell>
                            </row>
                            <row>
                              <cell id="{9bd53a50-3144-b418-0c47-bc2a359ab459}" showlabel="false" ordinalvalue="20009" solutionaction="Added">
                                <labels>
                                  <label description="" languagecode="1033" />
                                </labels>
                              </cell>
                            </row>
                          </rows>
                        </section>
                      </sections>
                    </column>
                  </columns>
                </tab>
              </tabs>
              <controlDescriptions>
                <controlDescription forControl="{b493618d-9937-23d0-a318-a60bab236002}" solutionaction="Added">
                  <customControl id="{E0DECE4B-6FC8-4a8f-A065-082708572369}" formFactor="0">
                    <parameters>
                      <datafieldname>mstelco_description</datafieldname>
                    </parameters>
                  </customControl>
                  <customControl id="{E0DECE4B-6FC8-4a8f-A065-082708572369}" formFactor="1">
                    <parameters>
                      <datafieldname>mstelco_description</datafieldname>
                    </parameters>
                  </customControl>
                  <customControl formFactor="2" name="mstelco_PCFControls.DataFromMap">
                    <parameters>
                      <jsonMapData>mstelco_description</jsonMapData>
                    </parameters>
                  </customControl>
                </controlDescription>
              </controlDescriptions>
              <header id="{e3427d81-5860-4ff1-ab21-55cea5e9f3d1}" celllabelposition="Top" columns="111" labelwidth="115" celllabelalignment="Left">
                <rows>
                  <row>
                    <cell id="{b34c559d-ac82-48ab-a5ee-f0f10d129fea}" showlabel="false" ordinalvalue="10000" solutionaction="Removed" />
                    <cell id="{4f040bd1-20df-4e9c-ba62-c60e3a5a3b26}" showlabel="false" ordinalvalue="20001" solutionaction="Removed" />
                    <cell id="{99a35371-ffb4-4954-9782-9fc5764a7452}" showlabel="false" ordinalvalue="30002" solutionaction="Removed" />
                  </row>
                </rows>
              </header>
              <footer id="{f3cc9ed2-8db2-4932-89c6-66342c19d827}" celllabelposition="Top" columns="111" labelwidth="115" celllabelalignment="Left">
                <rows>
                  <row>
                    <cell id="{0b104988-59fc-44b3-adb5-4820dc3f0159}" showlabel="false" ordinalvalue="10000" solutionaction="Removed" />
                    <cell id="{aab9695e-ea73-42df-b53d-7152d183c5f1}" showlabel="false" ordinalvalue="20001" solutionaction="Removed" />
                    <cell id="{8f967ad6-e98c-4b29-a134-86d9fbc581da}" showlabel="false" ordinalvalue="30002" solutionaction="Removed" />
                  </row>
                </rows>
              </footer>
            </form>
            <LocalizedNames>
              <LocalizedName description="Information" languagecode="1033" />
            </LocalizedNames>
            <Descriptions>
              <Description description="A form for this entity." languagecode="1033" />
            </Descriptions>
          </systemform>
        </forms>
      </FormXml>
      <RibbonDiffXml>
        <CustomActions />
        <Templates>
          <RibbonTemplates Id="Mscrm.Templates"></RibbonTemplates>
        </Templates>
        <CommandDefinitions />
        <RuleDefinitions>
          <TabDisplayRules />
          <DisplayRules />
          <EnableRules />
        </RuleDefinitions>
        <LocLabels />
      </RibbonDiffXml>
    </Entity>
  </Entities>
  <Roles></Roles>
  <Workflows>
    <Workflow WorkflowId="{3f999e4b-8d8e-eb11-a812-000d3a1f6fdb}" Name="Geographic Location - Create Geographic Points On Update of Azure Maps JSON Metadata">
      <JsonFileName>/Workflows/GeographicLocation-CreateGeographicPointsOnUpdateo-3F999E4B-8D8E-EB11-A812-000D3A1F6FDB.json</JsonFileName>
      <Type>1</Type>
      <Subprocess>0</Subprocess>
      <Category>5</Category>
      <Mode>0</Mode>
      <Scope>4</Scope>
      <OnDemand>0</OnDemand>
      <TriggerOnCreate>0</TriggerOnCreate>
      <TriggerOnDelete>0</TriggerOnDelete>
      <AsyncAutodelete>0</AsyncAutodelete>
      <SyncWorkflowLogOnFailure>0</SyncWorkflowLogOnFailure>
      <StateCode>1</StateCode>
      <StatusCode>2</StatusCode>
      <RunAs>1</RunAs>
      <IsTransacted>1</IsTransacted>
      <IntroducedVersion>1.0.1.35</IntroducedVersion>
      <IsCustomizable>1</IsCustomizable>
      <BusinessProcessType>0</BusinessProcessType>
      <IsCustomProcessingStepAllowedForOtherPublishers>1</IsCustomProcessingStepAllowedForOtherPublishers>
      <PrimaryEntity>none</PrimaryEntity>
      <LocalizedNames>
        <LocalizedName languagecode="1033" description="Geographic Location - Create Geographic Points On Update of Azure Maps JSON Metadata" />
      </LocalizedNames>
    </Workflow>
    <Workflow WorkflowId="{40999e4b-8d8e-eb11-a812-000d3a1f6fdb}" Name="Geographic Location - Update JSON in Geoagraphic Location on change of radius">
      <JsonFileName>/Workflows/GeographicLocation-UpdateJSONinGeoagraphicLocation-40999E4B-8D8E-EB11-A812-000D3A1F6FDB.json</JsonFileName>
      <Type>1</Type>
      <Subprocess>0</Subprocess>
      <Category>5</Category>
      <Mode>0</Mode>
      <Scope>4</Scope>
      <OnDemand>0</OnDemand>
      <TriggerOnCreate>0</TriggerOnCreate>
      <TriggerOnDelete>0</TriggerOnDelete>
      <AsyncAutodelete>0</AsyncAutodelete>
      <SyncWorkflowLogOnFailure>0</SyncWorkflowLogOnFailure>
      <StateCode>1</StateCode>
      <StatusCode>2</StatusCode>
      <RunAs>1</RunAs>
      <IsTransacted>1</IsTransacted>
      <IntroducedVersion>1.0.1.35</IntroducedVersion>
      <IsCustomizable>1</IsCustomizable>
      <BusinessProcessType>0</BusinessProcessType>
      <IsCustomProcessingStepAllowedForOtherPublishers>1</IsCustomProcessingStepAllowedForOtherPublishers>
      <PrimaryEntity>none</PrimaryEntity>
      <LocalizedNames>
        <LocalizedName languagecode="1033" description="Geographic Location - Update JSON in Geoagraphic Location on change of radius" />
      </LocalizedNames>
    </Workflow>
  </Workflows>
  <FieldSecurityProfiles></FieldSecurityProfiles>
  <Templates />
  <EntityMaps />
  <EntityRelationships />
  <OrganizationSettings />
  <optionsets />
  <Dashboards>
    <Dashboard>
      <LocalizedNames>
        <LocalizedName description="Place Management Dashboard" languagecode="1033" />
      </LocalizedNames>
      <FormId>{e098dfc9-cd29-eb11-a813-000d3a111312}</FormId>
      <IsCustomizable>1</IsCustomizable>
      <IsDefault>0</IsDefault>
      <FormXml>
        <forms type="dashboard">
          <form>
            <tabs>
              <tab showlabel="true" verticallayout="true" id="{9442b4b0-461c-4966-90c9-75a33977452d}">
                <labels>
                  <label description="Tab" languagecode="1033" />
                </labels>
                <columns>
                  <column width="100%">
                    <sections>
                      <section showlabel="false" showbar="false" columns="111" id="{bcfd2d10-8548-4f0e-85ac-ab29921b8866}">
                        <labels>
                          <label description="Section" languagecode="1033" />
                        </labels>
                        <rows>
                          <row>
                            <cell colspan="1" rowspan="9" showlabel="false" id="{6f02c7da-efb2-4518-aca4-4383a58a9e4b}" auto="false">
                              <labels>
                                <label description="Geographic Addresses" languagecode="1033" />
                              </labels>
                              <control id="Component14ba252" uniqueid="{6e3412de-d5a9-23c0-ed25-abc768a52e60}" classid="{E7A81278-8635-4d9e-8D4D-59480B391C5B}" indicationOfSubgrid="true">
                                <parameters>
                                  <TargetEntityType>mstelco_geographicaddress</TargetEntityType>
                                  <ChartGridMode>Chart</ChartGridMode>
                                  <EnableQuickFind>false</EnableQuickFind>
                                  <EnableViewPicker>false</EnableViewPicker>
                                  <EnableJumpBar>false</EnableJumpBar>
                                  <RecordsPerPage>7</RecordsPerPage>
                                  <HeaderColorCode />
                                  <ViewId>{0FF0F7AD-A3C3-413C-9514-BCD99E1482D3}</ViewId>
                                  <IsUserView>false</IsUserView>
                                  <ViewIds />
                                  <AutoExpand>Fixed</AutoExpand>
                                  <VisualizationId>{35A1732A-D029-EB11-A813-000D3A111312}</VisualizationId>
                                  <IsUserChart>false</IsUserChart>
                                  <EnableChartPicker>false</EnableChartPicker>
                                  <RelationshipName />
                                </parameters>
                              </control>
                            </cell>
                            <cell colspan="1" rowspan="9" showlabel="false" id="{253ce9f9-19e1-44ea-9615-634fcb8faea5}" auto="false">
                              <labels>
                                <label description="Local Place" languagecode="1033" />
                              </labels>
                              <control id="Componentcce72f8" uniqueid="{5c165710-eb89-a5d4-34cd-de2bdeb70d94}" classid="{E7A81278-8635-4d9e-8D4D-59480B391C5B}" indicationOfSubgrid="true">
                                <parameters>
                                  <TargetEntityType>mstelco_localplace</TargetEntityType>
                                  <ChartGridMode>Chart</ChartGridMode>
                                  <EnableQuickFind>false</EnableQuickFind>
                                  <EnableViewPicker>false</EnableViewPicker>
                                  <EnableJumpBar>false</EnableJumpBar>
                                  <RecordsPerPage>7</RecordsPerPage>
                                  <HeaderColorCode />
                                  <ViewId>{CE16113D-F413-47DB-96C4-EF8E219D0E86}</ViewId>
                                  <IsUserView>false</IsUserView>
                                  <ViewIds />
                                  <AutoExpand>Fixed</AutoExpand>
                                  <VisualizationId>{E268C528-C729-EB11-A813-000D3A111312}</VisualizationId>
                                  <IsUserChart>false</IsUserChart>
                                  <EnableChartPicker>false</EnableChartPicker>
                                  <RelationshipName />
                                </parameters>
                              </control>
                            </cell>
                            <cell colspan="1" rowspan="9" showlabel="false" id="{2ed63114-6d18-4366-98db-93124be4d37f}" auto="false">
                              <labels>
                                <label description="Network Zone" languagecode="1033" />
                              </labels>
                              <control id="Component51ce688" uniqueid="{88b8d9b8-b8bc-c244-d656-091e4b922731}" classid="{E7A81278-8635-4d9e-8D4D-59480B391C5B}" indicationOfSubgrid="true">
                                <parameters>
                                  <TargetEntityType>mstelco_networkzone</TargetEntityType>
                                  <ChartGridMode>Chart</ChartGridMode>
                                  <EnableQuickFind>false</EnableQuickFind>
                                  <EnableViewPicker>false</EnableViewPicker>
                                  <EnableJumpBar>false</EnableJumpBar>
                                  <RecordsPerPage>7</RecordsPerPage>
                                  <HeaderColorCode />
                                  <ViewId>{787E9C86-484A-4DD9-A359-E63CF01C0C7D}</ViewId>
                                  <IsUserView>false</IsUserView>
                                  <ViewIds />
                                  <AutoExpand>Fixed</AutoExpand>
                                  <VisualizationId>{C37088C5-C729-EB11-A813-000D3A111312}</VisualizationId>
                                  <IsUserChart>false</IsUserChart>
                                  <EnableChartPicker>false</EnableChartPicker>
                                  <RelationshipName />
                                </parameters>
                              </control>
                            </cell>
                          </row>
                          <row />
                          <row />
                          <row />
                          <row />
                          <row />
                          <row />
                          <row />
                          <row />
                        </rows>
                      </section>
                    </sections>
                  </column>
                </columns>
              </tab>
              <tab showlabel="true" verticallayout="true" id="{f8b56085-95fc-472b-8aba-d6ee99a86782}">
                <labels>
                  <label description="Tab" languagecode="1033" />
                </labels>
                <columns>
                  <column width="100%">
                    <sections>
                      <section showlabel="false" showbar="false" columns="111" id="{f6ca3ad3-4787-4486-ae4a-79c73b281f26}">
                        <labels>
                          <label description="Section" languagecode="1033" />
                        </labels>
                        <rows>
                          <row>
                            <cell colspan="3" rowspan="12" showlabel="false" id="{eca44afe-21ea-40c3-8bf6-ee9dbc8cccd3}" auto="false">
                              <labels>
                                <label description="Places" languagecode="1033" />
                              </labels>
                              <control id="Componentfe97356" uniqueid="{972d5552-6a65-cce7-05b4-02a4507ae368}" classid="{E7A81278-8635-4d9e-8D4D-59480B391C5B}" indicationOfSubgrid="true">
                                <parameters>
                                  <TargetEntityType>mstelco_place</TargetEntityType>
                                  <ChartGridMode>Grid</ChartGridMode>
                                  <EnableQuickFind>true</EnableQuickFind>
                                  <EnableViewPicker>true</EnableViewPicker>
                                  <EnableJumpBar>true</EnableJumpBar>
                                  <RecordsPerPage>8</RecordsPerPage>
                                  <HeaderColorCode />
                                  <ViewId>{F03DCFBC-6063-4A27-8700-5C09DE6AFE0B}</ViewId>
                                  <IsUserView>false</IsUserView>
                                  <ViewIds />
                                  <AutoExpand>Fixed</AutoExpand>
                                  <VisualizationId />
                                  <IsUserChart>false</IsUserChart>
                                  <EnableChartPicker>false</EnableChartPicker>
                                  <RelationshipName />
                                </parameters>
                              </control>
                            </cell>
                          </row>
                          <row />
                          <row />
                          <row />
                          <row />
                          <row />
                          <row />
                          <row />
                          <row />
                          <row />
                          <row />
                          <row />
                        </rows>
                      </section>
                    </sections>
                  </column>
                </columns>
              </tab>
            </tabs>
          </form>
        </forms>
      </FormXml>
      <IntroducedVersion>1.0.0.5</IntroducedVersion>
      <IsTabletEnabled>0</IsTabletEnabled>
    </Dashboard>
  </Dashboards>
  <WebResources>
    <WebResource>
      <WebResourceId>{1af10756-d73f-eb11-a813-000d3a111312}</WebResourceId>
      <Name>mstelco_PlaceManagementAppIcon.svg</Name>
      <DisplayName>Place Management App Icon SVG</DisplayName>
      <WebResourceType>11</WebResourceType>
      <IntroducedVersion>1.0.1.1</IntroducedVersion>
      <IsEnabledForMobileClient>0</IsEnabledForMobileClient>
      <IsAvailableForMobileOffline>0</IsAvailableForMobileOffline>
      <DependencyXml>&lt;Dependencies&gt;&lt;Dependency componentType="WebResource"/&gt;&lt;/Dependencies&gt;</DependencyXml>
      <IsCustomizable>1</IsCustomizable>
      <CanBeDeleted>1</CanBeDeleted>
      <IsHidden>0</IsHidden>
      <FileName>/WebResources/mstelco_PlaceManagementAppIconsvg1AF10756-D73F-EB11-A813-000D3A111312</FileName>
    </WebResource>
  </WebResources>
  <CustomControls>
    <CustomControl>
      <Name>mstelco_PCFControls.DataFromMap</Name>
      <FileName>/Controls/mstelco_PCFControls.DataFromMap/ControlManifest.xml</FileName>
    </CustomControl>
  </CustomControls>
  <AppModuleSiteMaps>
    <AppModuleSiteMap>
      <SiteMapUniqueName>mstelco_PlaceManagement</SiteMapUniqueName>
      <EnableCollapsibleGroups>False</EnableCollapsibleGroups>
      <ShowHome>True</ShowHome>
      <ShowPinned>True</ShowPinned>
      <ShowRecents>True</ShowRecents>
      <SiteMap IntroducedVersion="7.0.0.0">
        <Area Id="mstelco_PlaceManagement" ResourceId="SitemapDesigner.NewArea" DescriptionResourceId="SitemapDesigner.NewArea" Icon="/WebResources/msdyn_/Images/Area_Default_Icon.png" ShowGroups="true" IntroducedVersion="7.0.0.0">
          <Titles>
            <Title LCID="1033" Title="Place Management" />
          </Titles>
          <Group Id="mstelco_Place" ResourceId="SitemapDesigner.NewGroup" IsProfile="false" ToolTipResourseId="SitemapDesigner.Unknown">
            <Titles>
              <Title LCID="1033" Title="Place" />
            </Titles>
            <SubArea Id="NewSubArea_103ca2e1" ResourceId="Homepage_Dashboards" DescriptionResourceId="Dashboards_Description" Icon="/_imgs/imagestrips/transparent_spacer.gif" Url="/workplace/home_dashboards.aspx" DefaultDashboard="922bad81-f96b-eb11-a812-000d3a9841e6" Client="All,Outlook,OutlookLaptopClient,OutlookWorkstationClient,Web" AvailableOffline="true" PassParams="false" Sku="All,OnPremise,Live,SPLA" ToolTipResourseId="Dashboards_ToolTip" />
            <SubArea Id="mstelco_Place" Icon="/_imgs/imagestrips/transparent_spacer.gif" Entity="mstelco_place" Client="All,Outlook,OutlookLaptopClient,OutlookWorkstationClient,Web" AvailableOffline="true" PassParams="false" Sku="All,OnPremise,Live,SPLA" />
          </Group>
          <Group Id="mstelco_Geographic" ResourceId="SitemapDesigner.NewGroup" DescriptionResourceId="SitemapDesigner.NewGroup" IntroducedVersion="7.0.0.0" IsProfile="false" ToolTipResourseId="SitemapDesigner.Unknown">
            <Titles>
              <Title LCID="1033" Title="Geographic" />
            </Titles>
            <SubArea Id="mstelco_GeographicPlace" Icon="/_imgs/imagestrips/transparent_spacer.gif" IntroducedVersion="7.0.0.0" Entity="mstelco_geographicplace" Client="All,Outlook,OutlookLaptopClient,OutlookWorkstationClient,Web" AvailableOffline="true" PassParams="false" Sku="All,OnPremise,Live,SPLA">
              <Titles>
                <Title LCID="1033" Title="Geo Places" />
              </Titles>
            </SubArea>
            <SubArea Id="mstelco_GeographicAddress" Icon="/_imgs/imagestrips/transparent_spacer.gif" Entity="mstelco_geographicaddress" Client="All,Outlook,OutlookLaptopClient,OutlookWorkstationClient,Web" AvailableOffline="true" PassParams="false" Sku="All,OnPremise,Live,SPLA">
              <Titles>
                <Title LCID="1033" Title="Geo Addresses" />
              </Titles>
            </SubArea>
            <SubArea Id="mstelco_GeographicSubAddress" Icon="/_imgs/imagestrips/transparent_spacer.gif" Entity="mstelco_geographicsubaddress" Client="All,Outlook,OutlookLaptopClient,OutlookWorkstationClient,Web" AvailableOffline="true" PassParams="false" Sku="All,OnPremise,Live,SPLA">
              <Titles>
                <Title LCID="1033" Title="Geo Sub-Addresses" />
              </Titles>
            </SubArea>
            <SubArea Id="mstelco_GeographicLocation" Icon="/_imgs/imagestrips/transparent_spacer.gif" Entity="mstelco_geographiclocation" Client="All,Outlook,OutlookLaptopClient,OutlookWorkstationClient,Web" AvailableOffline="true" PassParams="false" Sku="All,OnPremise,Live,SPLA">
              <Titles>
                <Title LCID="1033" Title="Geo Locations" />
              </Titles>
            </SubArea>
          </Group>
          <Group Id="mstelco_Local" ResourceId="SitemapDesigner.NewGroup" IsProfile="false" ToolTipResourseId="SitemapDesigner.Unknown">
            <Titles>
              <Title LCID="1033" Title="Local" />
            </Titles>
            <SubArea Id="mstelco_LocalPlace" Icon="/_imgs/imagestrips/transparent_spacer.gif" Entity="mstelco_localplace" Client="All,Outlook,OutlookLaptopClient,OutlookWorkstationClient,Web" AvailableOffline="true" PassParams="false" Sku="All,OnPremise,Live,SPLA" />
          </Group>
          <Group Id="mstelco_Networking" ResourceId="SitemapDesigner.NewGroup" IsProfile="false" ToolTipResourseId="SitemapDesigner.Unknown">
            <Titles>
              <Title LCID="1033" Title="Networking" />
            </Titles>
            <SubArea Id="mstelco_Network" Icon="/_imgs/imagestrips/transparent_spacer.gif" Entity="mstelco_network" Client="All,Outlook,OutlookLaptopClient,OutlookWorkstationClient,Web" AvailableOffline="true" PassParams="false" Sku="All,OnPremise,Live,SPLA" />
            <SubArea Id="mstelco_NetworkResource" Icon="/_imgs/imagestrips/transparent_spacer.gif" Entity="mstelco_networkresource" Client="All,Outlook,OutlookLaptopClient,OutlookWorkstationClient,Web" AvailableOffline="true" PassParams="false" Sku="All,OnPremise,Live,SPLA">
              <Titles>
                <Title LCID="1033" Title="Resources" />
              </Titles>
            </SubArea>
            <SubArea Id="mstelco_NetworkResourceType" Icon="/_imgs/imagestrips/transparent_spacer.gif" Entity="mstelco_networkresourcetype" Client="All,Outlook,OutlookLaptopClient,OutlookWorkstationClient,Web" AvailableOffline="true" PassParams="false" Sku="All,OnPremise,Live,SPLA">
              <Titles>
                <Title LCID="1033" Title="Resource Types" />
              </Titles>
            </SubArea>
            <SubArea Id="mstelco_ServiceArea" Icon="/_imgs/imagestrips/transparent_spacer.gif" Entity="mstelco_servicearea" Client="All,Outlook,OutlookLaptopClient,OutlookWorkstationClient,Web" AvailableOffline="true" PassParams="false" Sku="All,OnPremise,Live,SPLA" />
            <SubArea Id="mstelco_NetworkZone" Icon="/_imgs/imagestrips/transparent_spacer.gif" Entity="mstelco_networkzone" Client="All,Outlook,OutlookLaptopClient,OutlookWorkstationClient,Web" AvailableOffline="true" PassParams="false" Sku="All,OnPremise,Live,SPLA">
              <Titles>
                <Title LCID="1033" Title="Zones" />
              </Titles>
            </SubArea>
            <SubArea Id="mstelco_ServiceAreaTechnology" Icon="/_imgs/imagestrips/transparent_spacer.gif" Entity="mstelco_serviceareatechnology" Client="All,Outlook,OutlookLaptopClient,OutlookWorkstationClient,Web" AvailableOffline="true" PassParams="false" Sku="All,OnPremise,Live,SPLA">
              <Titles>
                <Title LCID="1033" Title="Svc Area Technologies" />
              </Titles>
            </SubArea>
            <SubArea Id="mstelco_NetworkOperatingCenter" Icon="/_imgs/imagestrips/transparent_spacer.gif" Entity="mstelco_networkoperatingcenter" Client="All,Outlook,OutlookLaptopClient,OutlookWorkstationClient,Web" AvailableOffline="true" PassParams="false" Sku="All,OnPremise,Live,SPLA">
              <Titles>
                <Title LCID="1033" Title="NOCs" />
              </Titles>
            </SubArea>
          </Group>
        </Area>
      </SiteMap>
      <LocalizedNames>
        <LocalizedName description="Place Management" languagecode="1033" />
      </LocalizedNames>
    </AppModuleSiteMap>
  </AppModuleSiteMaps>
  <AppModules>
    <AppModule>
      <UniqueName>mstelco_PlaceManagement</UniqueName>
      <IntroducedVersion>1.0.0.0</IntroducedVersion>
      <WebResourceId>1af10756-d73f-eb11-a813-000d3a111312</WebResourceId>
      <OptimizedFor></OptimizedFor>
      <statecode>0</statecode>
      <statuscode>1</statuscode>
      <FormFactor>1</FormFactor>
      <ClientType>4</ClientType>
      <NavigationType>0</NavigationType>
      <AppModuleComponents>
        <AppModuleComponent type="62" schemaName="mstelco_PlaceManagement" />
        <AppModuleComponent type="60" id="{e098dfc9-cd29-eb11-a813-000d3a111312}" />
        <AppModuleComponent type="1" schemaName="account" />
        <AppModuleComponent type="1" schemaName="appointment" />
        <AppModuleComponent type="1" schemaName="activitymimeattachment" />
        <AppModuleComponent type="1" schemaName="contact" />
        <AppModuleComponent type="1" schemaName="transactioncurrency" />
        <AppModuleComponent type="1" schemaName="email" />
        <AppModuleComponent type="1" schemaName="expiredprocess" />
        <AppModuleComponent type="1" schemaName="mstelco_geographicaddress" />
        <AppModuleComponent type="1" schemaName="mstelco_geographiclocation" />
        <AppModuleComponent type="1" schemaName="mstelco_geographicplace" />
        <AppModuleComponent type="1" schemaName="mstelco_geographicpoint" />
        <AppModuleComponent type="1" schemaName="mstelco_geographicsubaddress" />
        <AppModuleComponent type="1" schemaName="knowledgearticle" />
        <AppModuleComponent type="1" schemaName="mstelco_localplace" />
        <AppModuleComponent type="1" schemaName="mstelco_network" />
        <AppModuleComponent type="1" schemaName="mstelco_networkoperatingcenter" />
        <AppModuleComponent type="1" schemaName="mstelco_networkresource" />
        <AppModuleComponent type="1" schemaName="mstelco_networkresourcetype" />
        <AppModuleComponent type="1" schemaName="mstelco_networkzone" />
        <AppModuleComponent type="1" schemaName="annotation" />
        <AppModuleComponent type="1" schemaName="mstelco_place" />
        <AppModuleComponent type="1" schemaName="mstelco_servicearea" />
        <AppModuleComponent type="1" schemaName="mstelco_serviceareageoplace" />
        <AppModuleComponent type="1" schemaName="mstelco_serviceareatechnology" />
        <AppModuleComponent type="1" schemaName="task" />
        <AppModuleComponent type="1" schemaName="team" />
        <AppModuleComponent type="1" schemaName="systemuser" />
      </AppModuleComponents>
      <AppModuleRoleMaps>
        <Role id="{627090ff-40a3-4053-8790-584edc5be201}" />
        <Role id="{119f245c-3cc8-4b62-b31c-d1a046ced15d}" />
      </AppModuleRoleMaps>
      <LocalizedNames>
        <LocalizedName description="Place Management" languagecode="1033" />
      </LocalizedNames>
      <Descriptions>
        <Description description="This model-driven application provides tracking for all of the physical locations across a service provider’s network. It supports the geographic mailing addresses for residences, multi-dwelling apartment buildings, and commercial and retail areas as well as support for describing regions and polygons through geocoded map points. Additional handling for tracking the locations of and segmenting network and plant resources, regional operating centers, service technology, and the movement of equipment. The app integrates with Azure Maps API for Address lookup and normalization." languagecode="1033" />
      </Descriptions>
    </AppModule>
  </AppModules>
  <EntityDataProviders />
  <CanvasApps>
    <CanvasApp>
      <Name>mstelco_findgeoaddress_362de</Name>
      <AppVersion>2021-01-22T21:10:11Z</AppVersion>
      <Status>Ready</Status>
      <CreatedByClientVersion>3.20123.24.0</CreatedByClientVersion>
      <MinClientVersion>3.20123.24.0</MinClientVersion>
      <Tags>{"primaryDeviceWidth":"800","primaryDeviceHeight":"600","sienaVersion":"f62bf33b-0ec8-48cf-8d97-593b910ea421","deviceCapabilities":"","supportsPortrait":"true","supportsLandscape":"true","primaryFormFactor":"Tablet","publisherVersion":"3.20123.24","minimumRequiredApiVersion":"2.2.0","hasComponent":"false","hasUnlockedComponent":"false","isUnifiedRootApp":"false"}</Tags>
      <IsCdsUpgraded>0</IsCdsUpgraded>
      <GalleryItemId xsi:nil="true"></GalleryItemId>
      <BackgroundColor>rgba(0, 99, 177, 1)</BackgroundColor>
      <DisplayName>Find Geo Address</DisplayName>
      <Description xsi:nil="true"></Description>
      <CommitMessage xsi:nil="true"></CommitMessage>
      <Publisher xsi:nil="true"></Publisher>
      <AuthorizationReferences xsi:nil="true"></AuthorizationReferences>
      <ConnectionReferences>{"8b4e39b1-0ef3-4960-941f-90994f8fd19f":{"id":"/providers/microsoft.powerapps/apis/shared_mstelco-5ffind-20location-20with-20azure-20v2-5fe7c96f47d5ceedcf","displayName":"Find Location with Azure v2","iconUri":"https://az787822.vo.msecnd.net/defaulticons/api-dedicated.png","dataSources":["Defaulttitle"],"dependencies":[],"dependents":[],"parameterHints":{},"isOnPremiseConnection":false,"bypassConsent":false,"dataSets":{},"apiTier":"Standard","actions":["map"],"customApiLogicalName":"mstelco_5ffind-20location-20with-20azure-20v2","isCustomApiSolutionAware":true}}</ConnectionReferences>
      <DatabaseReferences>{"default.cds":{"databaseDetails":{"referenceType":"Environmental","environmentName":"default.cds"},"dataSources":{"Geographic Addresses":{"entitySetName":"mstelco_geographicaddresses","logicalName":"mstelco_geographicaddress"},"Duplicate Records":{"entitySetName":"duplicaterecords","logicalName":"duplicaterecord"},"Environment Variable Definitions":{"entitySetName":"environmentvariabledefinitions","logicalName":"environmentvariabledefinition"},"Environment Variable Values":{"entitySetName":"environmentvariablevalues","logicalName":"environmentvariablevalue"}}}}</DatabaseReferences>
      <AppComponentDependencies>[]</AppComponentDependencies>
      <CanConsumeAppPass>1</CanConsumeAppPass>
      <CanvasAppType>0</CanvasAppType>
      <BypassConsent>0</BypassConsent>
      <AdminControlBypassConsent>0</AdminControlBypassConsent>
      <EmbeddedApp xsi:nil="true"></EmbeddedApp>
      <IntroducedVersion>1.0</IntroducedVersion>
      <CdsDependencies>{"cdsdependencies":[{"logicalname":"mstelco_5ffind-20location-20with-20azure-20v2","componenttype":372,"componenttypeplatformname":"connector"},{"logicalname":"mstelco_geographicaddress","componenttype":1},{"logicalname":"duplicaterecord","componenttype":1},{"logicalname":"environmentvariabledefinition","componenttype":1},{"logicalname":"environmentvariablevalue","componenttype":1}]}</CdsDependencies>
      <IsCustomizable>1</IsCustomizable>
      <BackgroundImageUri>/CanvasApps/mstelco_findgeoaddress_362de_BackgroundImageUri</BackgroundImageUri>
      <DocumentUri>/CanvasApps/mstelco_findgeoaddress_362de_DocumentUri.msapp</DocumentUri>
    </CanvasApp>
  </CanvasApps>
  <Connectors>
    <Connector>
      <connectorid>707c78a1-a86b-4556-96a7-5cbce57aef06</connectorid>
      <description></description>
      <displayname>Find Location with Azure v2</displayname>
      <iconbrandcolor>#007ee5</iconbrandcolor>
      <name>mstelco_5ffind-20location-20with-20azure-20v2</name>
      <connectortype>1</connectortype>
      <openapidefinition>/Connector/mstelco_5ffind-20location-20with-20azure-20v2_openapidefinition.json</openapidefinition>
      <connectionparameters>/Connector/mstelco_5ffind-20location-20with-20azure-20v2_connectionparameters.json</connectionparameters>
      <policytemplateinstances>/Connector/mstelco_5ffind-20location-20with-20azure-20v2_policytemplateinstances.json</policytemplateinstances>
      <iconblob>/Connector/mstelco_5ffind-20location-20with-20azure-20v2_iconblob.Png</iconblob>
    </Connector>
  </Connectors>
  <connectionreferences>
    <connectionreference connectionreferencelogicalname="mstelco_sharedcommondataserviceforapps_751ed">
      <connectionreferencedisplayname>Common Data Service (current environment)</connectionreferencedisplayname>
      <connectorid>/providers/Microsoft.PowerApps/apis/shared_commondataserviceforapps</connectorid>
      <iscustomizable>1</iscustomizable>
      <statecode>0</statecode>
      <statuscode>1</statuscode>
    </connectionreference>
  </connectionreferences>
  <Languages>
    <Language>1033</Language>
  </Languages>
</ImportExportXml>